system,condition,GroupCount,mean_whole_si_sdr_db,std_whole_si_sdr_db,mean_stoi,std_stoi,mean_transition_si_sdr_db,std_transition_si_sdr_db
fixed,clean_control,6,NaN,NaN,1,0,NaN,NaN
fixed,level,6,3.33882152114488,2.32808440401358,0.882444894622726,0.0612989203535921,4.8632458038897,9.54559497649507
fixed,offset,6,5.57952645547382,2.26260120226986,0.893569857871711,0.0379976611183063,12.3538896066401,2.6537028797709
fixed,onset,6,2.33207316178637,1.03398994866485,0.856574967521927,0.0483529800790392,0.340529738528965,3.95188999982014
fixed,stationary_office,6,3.19784635193481,2.18282042491703,0.853828657676008,0.06799316784482,NaN,NaN
fixed,stationary_traffic,6,3.11072428548882,0.757107353089804,0.775912106039561,0.0477670090290449,NaN,NaN
fixed,type,6,3.3368109007632,1.34429591548045,0.80335469856049,0.049958208155652,3.89366466064004,4.13337228913429
fixed,type_pause,6,2.91097774233077,1.51105480589075,0.793797928001044,0.0483476123693594,-0.0244032124409117,3.82994374718312
guard_and_tuned,clean_control,6,NaN,NaN,1,0,NaN,NaN
guard_and_tuned,level,6,3.3687736602044,2.34353716184817,0.881279063192426,0.061273156951757,4.65269487003278,9.38793138502174
guard_and_tuned,offset,6,6.16985025680564,2.24440472763975,0.895301200801403,0.0366673757096968,12.1750332972141,2.80750919316311
guard_and_tuned,onset,6,2.33207316180437,1.03398994867582,0.856574967521926,0.0483529800790496,0.340529738579372,3.95188999990462
guard_and_tuned,stationary_office,6,3.07674122913248,2.17838722488242,0.853358799954386,0.0672131760786641,NaN,NaN
guard_and_tuned,stationary_traffic,6,3.13113342633076,0.754619000724749,0.77600792421377,0.0475892532645201,NaN,NaN
guard_and_tuned,type,6,3.36783743257349,1.32858614392476,0.803504975529345,0.0498163822911326,3.80691830151013,3.93061651680911
guard_and_tuned,type_pause,6,2.9233114449331,1.45470570049356,0.793949161460405,0.0487759399857056,-0.0890821880349499,3.65638750571093
guard_only,clean_control,6,NaN,NaN,1,0,NaN,NaN
guard_only,level,6,3.82899382096367,2.7753174784217,0.876562759525478,0.0602120611198266,4.72377029928978,9.48732111622865
guard_only,offset,6,6.47918133814375,2.27277895114428,0.895973120454645,0.0358672551887106,12.2717451209924,2.75188149175685
guard_only,onset,6,2.33207316180501,1.03398994867558,0.856574967521927,0.04835298007905,0.340529738579663,3.95188999990499
guard_only,stationary_office,6,2.96141356664213,2.15300180473279,0.850803961469625,0.0641105816322158,NaN,NaN
guard_only,stationary_traffic,6,3.10281507346905,0.758955324452785,0.776088365055719,0.0474404068698864,NaN,NaN
guard_only,type,6,3.42015484837471,1.13518653715678,0.803494730859177,0.0489270435761779,3.75635937041046,4.09632260771896
guard_only,type_pause,6,3.0118860930364,1.04221985632206,0.793530382128264,0.0483164125722139,-0.323047885925568,3.42535782076352
old_response,clean_control,6,NaN,NaN,1,0,NaN,NaN
old_response,level,6,3.76949585942399,2.80270488679591,0.876651421323836,0.0596407839368813,4.51406000332141,9.67857643213014
old_response,offset,6,6.95694638671327,2.08571330068239,0.902134500685995,0.0405631864501493,13.3477010329759,2.23676428783169
old_response,onset,6,2.33207316181285,1.03398994866545,0.856574967521938,0.0483529800790545,0.340529738584781,3.95188999990532
old_response,stationary_office,6,2.98289729274736,2.12080698236691,0.851098602363099,0.0644194943111587,NaN,NaN
old_response,stationary_traffic,6,3.10281507346905,0.758955324452785,0.776088365055719,0.0474404068698864,NaN,NaN
old_response,type,6,3.38347999826902,1.16003358002898,0.803553529415407,0.048979513827847,3.71910315043914,4.14923650484185
old_response,type_pause,6,2.9011936674587,1.16202679799358,0.793696233043647,0.0484605864239003,-0.425808216552163,3.51971927556086
oracle_tuned,clean_control,6,NaN,NaN,1,0,NaN,NaN
oracle_tuned,level,6,3.43010267633195,2.36426435262957,0.88230694004546,0.0613304831100277,5.00945492012633,9.86788097156982
oracle_tuned,offset,6,5.76906723880802,2.16759493683904,0.893748468330898,0.0375802414561723,12.7395937817555,4.18462418787111
oracle_tuned,onset,6,2.33207316179734,1.03398994867844,0.856574967521903,0.0483529800790318,0.340529738586192,3.95188999990497
oracle_tuned,stationary_office,6,3.19784635193481,2.18282042491703,0.853828657676008,0.06799316784482,NaN,NaN
oracle_tuned,stationary_traffic,6,3.11072428548882,0.757107353089804,0.775912106039561,0.0477670090290449,NaN,NaN
oracle_tuned,type,6,3.37263553826318,1.38338203765284,0.803422636898655,0.0499729648065081,4.12647821463489,4.41180302179904
oracle_tuned,type_pause,6,2.85323038200456,1.5096366901117,0.793821591232067,0.0482855011689277,-0.453995214765732,4.00646876949971
snr,clean_control,6,NaN,NaN,1,0,NaN,NaN
snr,level,6,3.09486140009916,2.25285871865624,0.882448303106894,0.0598915690441521,4.6033178745001,9.54491081272564
snr,offset,6,6.45084313293001,2.0497278001804,0.893203996803821,0.0391505165442848,12.2613490081275,3.10768855715972
snr,onset,6,2.33207316178637,1.03398994866485,0.856574967521927,0.0483529800790392,0.340529738528965,3.95188999982014
snr,stationary_office,6,2.74678345441086,1.99506869554457,0.853903321011064,0.0665891565218638,NaN,NaN
snr,stationary_traffic,6,3.11333506258245,0.6241380700876,0.771447097906737,0.048807377700089,NaN,NaN
snr,type,6,3.10694497438062,1.37236523540991,0.802108550475638,0.0492135512708622,3.62925895554524,3.66557738791166
snr,type_pause,6,2.58815937023571,1.52507098898989,0.792105673236546,0.047545304743995,-0.529604780496882,3.15454932697445
