method,condition,GroupCount,mean_hit,sum_hit,mean_latency_s,sum_latency_s,mean_false_count,sum_false_count,mean_exposure_seconds,sum_exposure_seconds,false_alarms_per_minute
noise_guarded,clean_control,6,0,0,NaN,0,7.5,45,7,42,64.2857142857143
noise_guarded,level,6,0.833333333333333,5,0.4028,2.014,3.33333333333333,20,5.5,33,36.3636363636364
noise_guarded,offset,6,1,6,0.190427083333334,1.1425625,4.16666666666667,25,5.5,33,45.4545454545455
noise_guarded,onset,6,1,6,0.143760416666667,0.862562500000001,3.33333333333333,20,5.5,33,36.3636363636364
noise_guarded,stationary_office,6,0,0,NaN,0,3.16666666666667,19,7,42,27.1428571428571
noise_guarded,stationary_traffic,6,0,0,NaN,0,0.166666666666667,1,7,42,1.42857142857143
noise_guarded,type,6,1,6,0.171760416666667,1.0305625,1.5,9,5.5,33,16.3636363636364
noise_guarded,type_pause,6,1,6,0.206427083333334,1.2385625,1.66666666666667,10,5.5,33,18.1818181818182
unguarded,clean_control,6,0,0,NaN,0,12.8333333333333,77,7,42,110
unguarded,level,6,0.833333333333333,5,0.4028,2.014,5,30,5.5,33,54.5454545454545
unguarded,offset,6,1,6,0.190427083333334,1.1425625,8,48,5.5,33,87.2727272727273
unguarded,onset,6,1,6,0.162427083333333,0.974562500000001,4.66666666666667,28,5.5,33,50.9090909090909
unguarded,stationary_office,6,0,0,NaN,0,4,24,7,42,34.2857142857143
unguarded,stationary_traffic,6,0,0,NaN,0,0.166666666666667,1,7,42,1.42857142857143
unguarded,type,6,1,6,0.170427083333333,1.0225625,1.83333333333333,11,5.5,33,20
unguarded,type_pause,6,1,6,0.202427083333334,1.2145625,2,12,5.5,33,21.8181818181818
