case_id,condition,method,is_change,hit,latency_s,penalised_latency_s,false_count,exposure_seconds
development_1_level,level,unguarded,1,1,0.0948749999999996,0.0948749999999996,4,5.5
development_1_type,type,unguarded,1,1,0.102875,0.102875,2,5.5
development_1_onset,onset,unguarded,1,1,0.230875,0.230875,4,5.5
development_1_offset,offset,unguarded,1,1,0.254875,0.254875,7,5.5
development_1_type_pause,type_pause,unguarded,1,1,0.222875,0.222875,2,5.5
development_1_stationary_office,stationary_office,unguarded,0,0,NaN,1.5,4,7
development_1_stationary_traffic,stationary_traffic,unguarded,0,0,NaN,1.5,1,7
development_1_clean_control,clean_control,unguarded,0,0,NaN,1.5,11,7
development_2_level,level,unguarded,1,1,0.1770625,0.1770625,6,5.5
development_2_type,type,unguarded,1,1,0.1770625,0.1770625,1,5.5
development_2_onset,onset,unguarded,1,1,0.1690625,0.1690625,5,5.5
development_2_offset,offset,unguarded,1,1,0.1850625,0.1850625,9,5.5
development_2_type_pause,type_pause,unguarded,1,1,0.1930625,0.1930625,2,5.5
development_2_stationary_office,stationary_office,unguarded,0,0,NaN,1.5,4,7
development_2_stationary_traffic,stationary_traffic,unguarded,0,0,NaN,1.5,0,7
development_2_clean_control,clean_control,unguarded,0,0,NaN,1.5,14,7
development_3_level,level,unguarded,1,1,0.20925,0.20925,4,5.5
development_3_type,type,unguarded,1,1,0.21725,0.21725,2,5.5
development_3_onset,onset,unguarded,1,1,0.18525,0.18525,5,5.5
development_3_offset,offset,unguarded,1,1,0.20125,0.20125,8,5.5
development_3_type_pause,type_pause,unguarded,1,1,0.22525,0.22525,1,5.5
development_3_stationary_office,stationary_office,unguarded,0,0,NaN,1.5,3,7
development_3_stationary_traffic,stationary_traffic,unguarded,0,0,NaN,1.5,0,7
development_3_clean_control,clean_control,unguarded,0,0,NaN,1.5,14,7
development_4_level,level,unguarded,1,0,NaN,1.5,5,5.5
development_4_type,type,unguarded,1,1,0.2485625,0.2485625,2,5.5
development_4_onset,onset,unguarded,1,1,0.2245625,0.2245625,5,5.5
development_4_offset,offset,unguarded,1,1,0.2005625,0.2005625,9,5.5
development_4_type_pause,type_pause,unguarded,1,1,0.1925625,0.1925625,2,5.5
development_4_stationary_office,stationary_office,unguarded,0,0,NaN,1.5,4,7
development_4_stationary_traffic,stationary_traffic,unguarded,0,0,NaN,1.5,0,7
development_4_clean_control,clean_control,unguarded,0,0,NaN,1.5,13,7
development_5_level,level,unguarded,1,1,1.448625,1.448625,5,5.5
development_5_type,type,unguarded,1,1,0.192625,0.192625,1,5.5
development_5_onset,onset,unguarded,1,1,0.0806250000000004,0.0806250000000004,4,5.5
development_5_offset,offset,unguarded,1,1,0.0966250000000004,0.0966250000000004,8,5.5
development_5_type_pause,type_pause,unguarded,1,1,0.192625,0.192625,2,5.5
development_5_stationary_office,stationary_office,unguarded,0,0,NaN,1.5,4,7
development_5_stationary_traffic,stationary_traffic,unguarded,0,0,NaN,1.5,0,7
development_5_clean_control,clean_control,unguarded,0,0,NaN,1.5,13,7
development_6_level,level,unguarded,1,1,0.0841875000000005,0.0841875000000005,6,5.5
development_6_type,type,unguarded,1,1,0.0841875000000005,0.0841875000000005,3,5.5
development_6_onset,onset,unguarded,1,1,0.0841875000000005,0.0841875000000005,5,5.5
development_6_offset,offset,unguarded,1,1,0.204187500000001,0.204187500000001,7,5.5
development_6_type_pause,type_pause,unguarded,1,1,0.188187500000001,0.188187500000001,3,5.5
development_6_stationary_office,stationary_office,unguarded,0,0,NaN,1.5,5,7
development_6_stationary_traffic,stationary_traffic,unguarded,0,0,NaN,1.5,0,7
development_6_clean_control,clean_control,unguarded,0,0,NaN,1.5,12,7
development_1_level,level,noise_guarded,1,1,0.0948749999999996,0.0948749999999996,2,5.5
development_1_type,type,noise_guarded,1,1,0.102875,0.102875,2,5.5
development_1_onset,onset,noise_guarded,1,1,0.086875,0.086875,4,5.5
development_1_offset,offset,noise_guarded,1,1,0.254875,0.254875,4,5.5
development_1_type_pause,type_pause,noise_guarded,1,1,0.222875,0.222875,2,5.5
development_1_stationary_office,stationary_office,noise_guarded,0,0,NaN,1.5,3,7
development_1_stationary_traffic,stationary_traffic,noise_guarded,0,0,NaN,1.5,1,7
development_1_clean_control,clean_control,noise_guarded,0,0,NaN,1.5,7,7
development_2_level,level,noise_guarded,1,1,0.1770625,0.1770625,4,5.5
development_2_type,type,noise_guarded,1,1,0.1770625,0.1770625,1,5.5
development_2_onset,onset,noise_guarded,1,1,0.1770625,0.1770625,4,5.5
development_2_offset,offset,noise_guarded,1,1,0.1850625,0.1850625,4,5.5
development_2_type_pause,type_pause,noise_guarded,1,1,0.1930625,0.1930625,2,5.5
development_2_stationary_office,stationary_office,noise_guarded,0,0,NaN,1.5,3,7
development_2_stationary_traffic,stationary_traffic,noise_guarded,0,0,NaN,1.5,0,7
development_2_clean_control,clean_control,noise_guarded,0,0,NaN,1.5,8,7
development_3_level,level,noise_guarded,1,1,0.20925,0.20925,4,5.5
development_3_type,type,noise_guarded,1,1,0.21725,0.21725,2,5.5
development_3_onset,onset,noise_guarded,1,1,0.18525,0.18525,3,5.5
development_3_offset,offset,noise_guarded,1,1,0.20125,0.20125,3,5.5
development_3_type_pause,type_pause,noise_guarded,1,1,0.22525,0.22525,1,5.5
development_3_stationary_office,stationary_office,noise_guarded,0,0,NaN,1.5,3,7
development_3_stationary_traffic,stationary_traffic,noise_guarded,0,0,NaN,1.5,0,7
development_3_clean_control,clean_control,noise_guarded,0,0,NaN,1.5,7,7
development_4_level,level,noise_guarded,1,0,NaN,1.5,3,5.5
development_4_type,type,noise_guarded,1,1,0.2485625,0.2485625,1,5.5
development_4_onset,onset,noise_guarded,1,1,0.2485625,0.2485625,2,5.5
development_4_offset,offset,noise_guarded,1,1,0.2005625,0.2005625,6,5.5
development_4_type_pause,type_pause,noise_guarded,1,1,0.2005625,0.2005625,1,5.5
development_4_stationary_office,stationary_office,noise_guarded,0,0,NaN,1.5,3,7
development_4_stationary_traffic,stationary_traffic,noise_guarded,0,0,NaN,1.5,0,7
development_4_clean_control,clean_control,noise_guarded,0,0,NaN,1.5,8,7
development_5_level,level,noise_guarded,1,1,1.448625,1.448625,4,5.5
development_5_type,type,noise_guarded,1,1,0.200625,0.200625,0,5.5
development_5_onset,onset,noise_guarded,1,1,0.0806250000000004,0.0806250000000004,3,5.5
development_5_offset,offset,noise_guarded,1,1,0.0966250000000004,0.0966250000000004,5,5.5
development_5_type_pause,type_pause,noise_guarded,1,1,0.200625,0.200625,1,5.5
development_5_stationary_office,stationary_office,noise_guarded,0,0,NaN,1.5,3,7
development_5_stationary_traffic,stationary_traffic,noise_guarded,0,0,NaN,1.5,0,7
development_5_clean_control,clean_control,noise_guarded,0,0,NaN,1.5,8,7
development_6_level,level,noise_guarded,1,1,0.0841875000000005,0.0841875000000005,3,5.5
development_6_type,type,noise_guarded,1,1,0.0841875000000005,0.0841875000000005,3,5.5
development_6_onset,onset,noise_guarded,1,1,0.0841875000000005,0.0841875000000005,4,5.5
development_6_offset,offset,noise_guarded,1,1,0.204187500000001,0.204187500000001,3,5.5
development_6_type_pause,type_pause,noise_guarded,1,1,0.196187500000001,0.196187500000001,3,5.5
development_6_stationary_office,stationary_office,noise_guarded,0,0,NaN,1.5,4,7
development_6_stationary_traffic,stationary_traffic,noise_guarded,0,0,NaN,1.5,0,7
development_6_clean_control,clean_control,noise_guarded,0,0,NaN,1.5,7,7
