fast_noise_alpha,fast_gain_alpha,hold_seconds,mean_whole_si_sdr_db,mean_stoi,mean_transition_si_sdr_db,selection_score,selected
0.9,0.55,0.1,3.75935803929112,0.877716554795886,1.18168701049335,1.19357264267885,0
0.9,0.55,0.2,3.78585684839829,0.8775964315165,1.13703530490926,1.15554563937155,0
0.9,0.55,0.35,3.75011052790833,0.877436617107993,1.04039517328351,1.04996892762331,0
0.9,0.7,0.1,3.7578504787597,0.877756721775865,1.20984129926011,1.22135004131275,0
0.9,0.7,0.2,3.79388974031602,0.877717563692253,1.17038718902854,1.19090574647027,0
0.9,0.7,0.35,3.76623098133226,0.877571318081403,1.10892166399728,1.12252553169306,0
0.9,0.82,0.1,3.7496447433897,0.877750943939131,1.19775085716392,1.20720816537407,0
0.9,0.82,0.2,3.78241578194318,0.877830925058423,1.14604149141428,1.16369155926279,0
0.9,0.82,0.35,3.75305650517058,0.877651771777637,1.05421591252104,1.06452616117641,0
0.9,0.9,0.1,3.74584604081513,0.877752642951713,1.16287292391684,1.17138055648335,0
0.9,0.9,0.2,3.75484131300148,0.877963778829805,1.03489532009252,1.04565177070561,0
0.9,0.9,0.35,3.71740250178967,0.877880577974668,0.911242297915656,0.912639045725792,0
0.94,0.55,0.1,3.7503990420072,0.877553438996048,1.19151997139015,1.20116585425467,0
0.94,0.55,0.2,3.77940597124417,0.877592530365626,1.20493553352255,1.22183314869631,0
0.94,0.55,0.35,3.78020347137898,0.877820904729866,1.22601235317044,1.2431093433779,0
0.94,0.7,0.1,3.74848707728989,0.877597915864125,1.23024165914679,1.23940955083198,0
0.94,0.7,0.2,3.78636139081871,0.877699687181128,1.23633367422849,1.25497014429589,0
0.94,0.7,0.35,3.79359966239231,0.877887111778278,1.25220172761271,1.2726477655735,0
0.94,0.82,0.1,3.73972418073776,0.877591048146643,1.22486720298477,1.23184437053192,0
0.94,0.82,0.2,3.77332966497613,0.877795065293089,1.20702003621647,1.22239857482323,0
0.94,0.82,0.35,3.77703747154797,0.877905576509106,1.17110265278309,1.1874081430328,0
0.94,0.9,0.1,3.7355802540655,0.87758971516832,1.19212867687019,1.19806986274929,0
0.94,0.9,0.2,3.74459053270421,0.877906077789025,1.09301089567402,1.10120465121279,0
0.94,0.9,0.35,3.73795604970109,0.878108947012486,1.02400620640606,1.03054134119405,0
0.97,0.55,0.1,3.73947812443878,0.877828761365498,1.2291208625807,1.23603651605312,0
0.97,0.55,0.2,3.76499130360656,0.877357208311497,1.2660064005666,1.27930034883096,0
0.97,0.55,0.35,3.77933603331342,0.877522230197056,1.31568423581056,1.33256436650163,0
0.97,0.7,0.1,3.7374827580163,0.877878531701124,1.27207882675192,1.27849563861871,0
0.97,0.7,0.2,3.77042602682174,0.877464143529873,1.30359346868694,1.3182460977551,0
0.97,0.7,0.35,3.7889122832001,0.877582072469863,1.33512563699285,1.3543998301556,0
0.97,0.82,0.1,3.72845047428311,0.877873837441204,1.26989589603583,1.27405463696933,0
0.97,0.82,0.2,3.7556761068442,0.877552591795666,1.28027309610606,1.29123824517983,0
0.97,0.82,0.35,3.76784930213591,0.877602094337198,1.25473399264174,1.26874244053844,0
0.97,0.9,0.1,3.72402191630617,0.877871257230201,1.23870797577058,1.24175957720985,0
0.97,0.9,0.2,3.72551496306667,0.877647787560141,1.17375808744394,1.17718295057333,0
0.97,0.9,0.35,3.72409511408394,0.877826703751674,1.11741898532829,1.12048888621199,0
0.985,0.55,0.1,3.73260562620675,0.877846814288401,1.25108216017771,1.25627968909212,0
0.985,0.55,0.2,3.75990116496768,0.87761059511155,1.31822722143434,1.33024863503898,0
0.985,0.55,0.35,3.7769892220371,0.877638043201671,1.37909460785326,1.39538803572526,0
0.985,0.7,0.1,3.73066056829981,0.877899091215815,1.29594888319226,1.30066014762993,0
0.985,0.7,0.2,3.7641667416564,0.877716737407741,1.35764767778995,1.37073548556676,0
0.985,0.7,0.35,3.78390130364592,0.877656929425803,1.40263718026195,1.42065862853615,1
0.985,0.82,0.1,3.72155526864966,0.877897312106681,1.29605594172854,1.29849088125367,0
0.985,0.82,0.2,3.74805210724986,0.877807799181397,1.3375031712172,1.34656232039238,0
0.985,0.82,0.35,3.75952555317489,0.877646801740124,1.33057536318459,1.34250287384103,0
0.985,0.9,0.1,3.71699792921179,0.877897036627926,1.26696547652226,1.26826108118793,0
0.985,0.9,0.2,3.71658621702662,0.877901723033381,1.23659213325136,1.23778480987073,0
0.985,0.9,0.35,3.71206635187668,0.877851693371529,1.20229865219817,1.20236136253006,0
