case_id,condition,system,whole_si_sdr_db,stoi,transition_si_sdr_db
development_1_level,level,fixed,5.88872811178988,0.928337108323756,6.20213134664028
development_1_type,type,fixed,1.61650484873643,0.856505654991103,12.027793446295
development_1_onset,onset,fixed,1.13470772142039,0.914251439885053,5.21491052860195
development_1_offset,offset,fixed,7.57774071721177,0.909588212041493,14.0756501455288
development_1_type_pause,type_pause,fixed,1.0688507871458,0.851452939525488,9.30386576772681
development_1_stationary_office,stationary_office,fixed,3.65959719024096,0.887097366063942,NaN
development_1_stationary_traffic,stationary_traffic,fixed,2.76562969971421,0.846122213160644,NaN
development_1_clean_control,clean_control,fixed,NaN,1,NaN
development_2_level,level,fixed,4.33538113343483,0.890067923628737,-2.41721892479579
development_2_type,type,fixed,4.72236762303521,0.819609276311975,-2.37294134108635
development_2_onset,onset,fixed,3.63687534003374,0.826329888176619,-4.28140094301781
development_2_offset,offset,fixed,2.53020462804624,0.935353866156215,7.10683518375727
development_2_type_pause,type_pause,fixed,4.66102362460079,0.819556741498226,-33.2073476863689
development_2_stationary_office,stationary_office,fixed,4.66559114449303,0.88538790159986,NaN
development_2_stationary_traffic,stationary_traffic,fixed,2.08391508509812,0.795759485627874,NaN
development_2_clean_control,clean_control,fixed,NaN,1,NaN
development_3_level,level,fixed,3.40266179507124,0.912055739251164,-0.534912324000152
development_3_type,type,fixed,6.45411453851163,0.866210180407354,3.57817491710621
development_3_onset,onset,fixed,5.37399941904366,0.877728922548977,-0.579611911808961
development_3_offset,offset,fixed,1.99917432773124,0.932916109429011,13.3012413341252
development_3_type_pause,type_pause,fixed,5.98823715984921,0.863560171377108,-26.5792370641568
development_3_stationary_office,stationary_office,fixed,4.52353598265827,0.909404112337868,NaN
development_3_stationary_traffic,stationary_traffic,fixed,1.60872915084137,0.843803381966892,NaN
development_3_clean_control,clean_control,fixed,NaN,1,NaN
development_4_level,level,fixed,3.32546342594094,0.90239042481724,5.01673203676046
development_4_type,type,fixed,2.64049243628982,0.764116979805648,7.82392908367551
development_4_onset,onset,fixed,1.32727468866389,0.796544549272352,3.48147435928076
development_4_offset,offset,fixed,7.24526204540986,0.931009263869669,17.0628820941227
development_4_type_pause,type_pause,fixed,2.13675619680972,0.752462376690065,5.95221275138663
development_4_stationary_office,stationary_office,fixed,4.57207586874523,0.890710252111831,NaN
development_4_stationary_traffic,stationary_traffic,fixed,3.21399983534977,0.759692732340849,NaN
development_4_clean_control,clean_control,fixed,NaN,1,NaN
development_5_level,level,fixed,5.12279109684028,0.926495082054363,-4.45671939358768
development_5_type,type,fixed,2.62839624919667,0.851185875523553,-5.50050065424127
development_5_onset,onset,fixed,1.65619022785027,0.868342832573547,-7.68759434928139
development_5_offset,offset,fixed,6.2775693263565,0.924276816151614,5.93035549949741
development_5_type_pause,type_pause,fixed,2.40330770945516,0.845224036251062,-14.5062119071513
development_5_stationary_office,stationary_office,fixed,5.35064689734246,0.915745982984836,NaN
development_5_stationary_traffic,stationary_traffic,fixed,2.61989557952299,0.815393664389539,NaN
development_5_clean_control,clean_control,fixed,NaN,1,NaN
development_6_level,level,fixed,4.66017262932859,0.883725347606091,7.77458899255499
development_6_type,type,fixed,4.4771609879508,0.809242771453267,5.0256805495071
development_6_onset,onset,fixed,5.3930660403489,0.83950765434772,0.233706576108226
development_6_offset,offset,fixed,2.09027487710041,0.88261835772585,9.15504917982742
development_6_type_pause,type_pause,fixed,3.82644174622885,0.798261717121674,2.47246242953781
development_6_stationary_office,stationary_office,fixed,3.57223010382298,0.866392197685088,NaN
development_6_stationary_traffic,stationary_traffic,fixed,1.65921344580116,0.742437918210058,NaN
development_6_clean_control,clean_control,fixed,NaN,1,NaN
development_1_level,level,snr,4.19722161698541,0.930630095296667,4.81261718783141
development_1_type,type,snr,1.35780124142733,0.85758230080742,10.2906133945728
development_1_onset,onset,snr,1.13470772142039,0.914251439885053,5.21491052860195
development_1_offset,offset,snr,7.8805311923847,0.915890679298091,12.728589159918
development_1_type_pause,type_pause,snr,0.877655892040047,0.853208624387178,7.54502780464883
development_1_stationary_office,stationary_office,snr,3.09318271209286,0.89539333891157,NaN
development_1_stationary_traffic,stationary_traffic,snr,2.51752559874415,0.848045312559863,NaN
development_1_clean_control,clean_control,snr,NaN,1,NaN
development_2_level,level,snr,3.8523401382872,0.88769798332443,-3.30489670448804
development_2_type,type,snr,4.3031084817675,0.818046354741215,-2.57618967163906
development_2_onset,onset,snr,3.63687534003374,0.826329888176619,-4.28140094301781
development_2_offset,offset,snr,4.12161656173776,0.945343240363934,7.47682034996904
development_2_type_pause,type_pause,snr,4.26021885627579,0.818523102788007,-33.8047166488458
development_2_stationary_office,stationary_office,snr,3.52933655850334,0.879353752888977,NaN
development_2_stationary_traffic,stationary_traffic,snr,2.32277213849116,0.786076237558864,NaN
development_2_clean_control,clean_control,snr,NaN,1,NaN
development_3_level,level,snr,3.25975434279159,0.911444806320428,-0.651891784778335
development_3_type,type,snr,6.17821704690505,0.865388092202192,3.42993505679818
development_3_onset,onset,snr,5.37399941904366,0.877728922548977,-0.579611911808961
development_3_offset,offset,snr,3.51383972462285,0.943956707125154,15.4444811630647
development_3_type_pause,type_pause,snr,5.68808884153248,0.863097240064552,-26.5962892155021
development_3_stationary_office,stationary_office,snr,4.13877052595609,0.90942964321782,NaN
development_3_stationary_traffic,stationary_traffic,snr,1.93667794697881,0.836860121848898,NaN
development_3_clean_control,clean_control,snr,NaN,1,NaN
development_4_level,level,snr,3.41601716839448,0.904841163631304,5.08935437849639
development_4_type,type,snr,2.56896684740209,0.769066658072599,7.73789211319217
development_4_onset,onset,snr,1.32727468866389,0.796544549272352,3.48147435928076
development_4_offset,offset,snr,7.74304516101944,0.935164056015179,15.2381320100967
development_4_type_pause,type_pause,snr,1.86648020945286,0.757245557410543,5.58987542947201
development_4_stationary_office,stationary_office,snr,4.28797967870483,0.89207605955494,NaN
development_4_stationary_traffic,stationary_traffic,snr,3.11041342802531,0.76380085217053,NaN
development_4_clean_control,clean_control,snr,NaN,1,NaN
development_5_level,level,snr,4.57107160345053,0.926825060123489,-4.79267093832614
development_5_type,type,snr,2.27592508902561,0.852289673939064,-5.63578915872879
development_5_onset,onset,snr,1.65619022785027,0.868342832573547,-7.68759434928139
development_5_offset,offset,snr,7.15898459099448,0.931110666705053,7.0092637923927
development_5_type_pause,type_pause,snr,1.98311550477188,0.84614545839019,-14.6410652911419
development_5_stationary_office,stationary_office,snr,4.36368845701358,0.914832093939897,NaN
development_5_stationary_traffic,stationary_traffic,snr,2.41059634494862,0.814547961796354,NaN
development_5_clean_control,clean_control,snr,NaN,1,NaN
development_6_level,level,snr,4.30825699169727,0.884247976739804,6.96978716193262
development_6_type,type,snr,4.36224262169858,0.807226073106501,4.19976952637625
development_6_onset,onset,snr,5.3930660403489,0.83950765434772,0.233706576108226
development_6_offset,offset,snr,2.41768608312893,0.879169283563705,8.74902692770295
development_6_type_pause,type_pause,snr,3.77714369582338,0.795910858545843,1.80607239420352
development_6_stationary_office,stationary_office,snr,3.16937146750438,0.863353114076412,NaN
development_6_stationary_traffic,stationary_traffic,snr,1.39827892208084,0.735974477262431,NaN
development_6_clean_control,clean_control,snr,NaN,1,NaN
development_1_level,level,old_response,6.29259301504176,0.926576345747494,4.70234035895657
development_1_type,type,old_response,1.62247498549746,0.851163525377443,9.67574133833056
development_1_onset,onset,old_response,1.13470772142774,0.914251439885169,5.21491052860861
development_1_offset,offset,old_response,9.44415733123349,0.916635750319242,20.5646289800629
development_1_type_pause,type_pause,old_response,1.01149981035353,0.844534611590169,6.20505935869697
development_1_stationary_office,stationary_office,old_response,2.97781416913987,0.88423683312899,NaN
development_1_stationary_traffic,stationary_traffic,old_response,3.0634193115405,0.84280615999976,NaN
development_1_clean_control,clean_control,old_response,NaN,1,NaN
development_2_level,level,old_response,5.2444013126046,0.887468506002786,-2.13940697375608
development_2_type,type,old_response,4.13066433018918,0.821091904696111,-2.41809971874364
development_2_onset,onset,old_response,3.63687534004923,0.826329888176788,-4.28140094285425
development_2_offset,offset,old_response,4.65311736462192,0.951691462714396,7.02687275193358
development_2_type_pause,type_pause,old_response,3.86012150833807,0.821102615523128,-36.5332861913061
development_2_stationary_office,stationary_office,old_response,3.32241010658778,0.878149884347048,NaN
development_2_stationary_traffic,stationary_traffic,old_response,2.08391508509812,0.795759485627874,NaN
development_2_clean_control,clean_control,old_response,NaN,1,NaN
development_3_level,level,old_response,5.32207432900905,0.913309274827452,0.0687067452881018
development_3_type,type,old_response,5.6323521908382,0.86679487087363,4.35289260756944
development_3_onset,onset,old_response,5.37399941905372,0.87772892254906,-0.579611911807904
development_3_offset,offset,old_response,4.29642412862021,0.94198231390287,12.4286029502227
development_3_type_pause,type_pause,old_response,5.30686650940242,0.861040190106391,-32.4903504466996
development_3_stationary_office,stationary_office,old_response,3.61090675661986,0.904606932693352,NaN
development_3_stationary_traffic,stationary_traffic,old_response,1.60872915084137,0.843803381966892,NaN
development_3_clean_control,clean_control,old_response,NaN,1,NaN
development_4_level,level,old_response,3.51996352133537,0.904605791168591,4.5209637245342
development_4_type,type,old_response,2.83149955190823,0.765477428196379,6.58861810034296
development_4_onset,onset,old_response,1.32727468868527,0.796544549272483,3.48147435928066
development_4_offset,offset,old_response,7.84142511774619,0.933162767877634,14.5466578564972
development_4_type_pause,type_pause,old_response,1.92463316798623,0.752612858122799,4.77967794690658
development_4_stationary_office,stationary_office,old_response,2.8922082628657,0.882435585559073,NaN
development_4_stationary_traffic,stationary_traffic,old_response,3.21399983534977,0.759692732340849,NaN
development_4_clean_control,clean_control,old_response,NaN,1,NaN
development_5_level,level,old_response,4.63378320649963,0.921674215169586,-6.54171071608578
development_5_type,type,old_response,2.63219177032379,0.849613087600379,-4.87351380609579
development_5_onset,onset,old_response,1.65619022785325,0.868342832573589,-7.68759434928007
development_5_offset,offset,old_response,7.67172435479193,0.935681546653729,9.46656333950158
development_5_type_pause,type_pause,old_response,2.51770636699464,0.835738972053716,-13.5491974928127
development_5_stationary_office,stationary_office,old_response,3.77650151089776,0.909068933869639,NaN
development_5_stationary_traffic,stationary_traffic,old_response,2.61989557952299,0.815393664389539,NaN
development_5_clean_control,clean_control,old_response,NaN,1,NaN
development_6_level,level,old_response,5.67946018783368,0.877245260724109,7.53614701166749
development_6_type,type,old_response,4.0816947219813,0.811178550869793,4.59479606588654
development_6_onset,onset,old_response,5.39306604035233,0.839507654347722,0.233706576106283
development_6_offset,offset,old_response,3.23389866725883,0.886201592497376,14.5325329115843
development_6_type_pause,type_pause,old_response,3.37116331599135,0.803741818664844,2.12696366466897
development_6_stationary_office,stationary_office,old_response,2.79795590342533,0.862169473230327,NaN
development_6_stationary_traffic,stationary_traffic,old_response,1.65921344580116,0.742437918210058,NaN
development_6_clean_control,clean_control,old_response,NaN,1,NaN
development_1_level,level,guard_only,4.8611836728558,0.928538840063373,4.46596046782752
development_1_type,type,guard_only,1.62247498549746,0.851163525377443,9.67574133833056
development_1_onset,onset,guard_only,1.13470772142307,0.914251439885048,5.21491052860309
development_1_offset,offset,guard_only,8.88728980331934,0.910253581855609,20.5646289800629
development_1_type_pause,type_pause,guard_only,1.01149981035353,0.844534611590169,6.20505935869697
development_1_stationary_office,stationary_office,guard_only,2.9462158236055,0.883740602122255,NaN
development_1_stationary_traffic,stationary_traffic,guard_only,3.0634193115405,0.84280615999976,NaN
development_1_clean_control,clean_control,guard_only,NaN,1,NaN
development_2_level,level,guard_only,4.87210337807676,0.89052738856519,-2.11581357680103
development_2_type,type,guard_only,4.13066433018918,0.821091904696111,-2.41809971874364
development_2_onset,onset,guard_only,3.63687534004396,0.826329888176782,-4.28140094285425
development_2_offset,offset,guard_only,4.39778338691027,0.942186401172063,7.01932765624513
development_2_type_pause,type_pause,guard_only,3.86012150833807,0.821102615523128,-36.5332861913061
development_2_stationary_office,stationary_office,guard_only,3.02935302641637,0.882021405580876,NaN
development_2_stationary_traffic,stationary_traffic,guard_only,2.08391508509812,0.795759485627874,NaN
development_2_clean_control,clean_control,guard_only,NaN,1,NaN
development_3_level,level,guard_only,5.32662428282217,0.913302120672485,0.0637386328627929
development_3_type,type,guard_only,5.6323521908382,0.86679487087363,4.35289260756944
development_3_onset,onset,guard_only,5.37399941904995,0.877728922549053,-0.579611911807904
development_3_offset,offset,guard_only,3.92150443401626,0.941961834468721,12.3643636981058
development_3_type_pause,type_pause,guard_only,5.30686650940242,0.861040190106391,-32.4903504466996
development_3_stationary_office,stationary_office,guard_only,3.61090675661986,0.904606932693352,NaN
development_3_stationary_traffic,stationary_traffic,guard_only,1.60872915084137,0.843803381966892,NaN
development_3_clean_control,clean_control,guard_only,NaN,1,NaN
development_4_level,level,guard_only,3.4068345121378,0.904807828204764,4.45167950465897
development_4_type,type,guard_only,3.11906391951425,0.767384961323522,6.78780881865883
development_4_onset,onset,guard_only,1.32727468867642,0.796544549272373,3.48147435928066
development_4_offset,offset,guard_only,7.62347075476017,0.929353390651669,14.5466578564972
development_4_type_pause,type_pause,guard_only,2.21255496209149,0.754456923149739,4.91716366048172
development_4_stationary_office,stationary_office,guard_only,3.36026640867655,0.88679677062842,NaN
development_4_stationary_traffic,stationary_traffic,guard_only,3.21399983534977,0.759692732340849,NaN
development_4_clean_control,clean_control,guard_only,NaN,1,NaN
development_5_level,level,guard_only,4.62637545850348,0.922674186332219,-6.38096754726948
development_5_type,type,guard_only,2.97385405430964,0.851656555744013,-4.99337694841654
development_5_onset,onset,guard_only,1.65619022785208,0.868342832573546,-7.68759434928015
development_5_offset,offset,guard_only,7.73981261162518,0.930746199417973,9.41775297512898
development_5_type_pause,type_pause,guard_only,2.9686411144209,0.838991079764902,-13.6937267409654
development_5_stationary_office,stationary_office,guard_only,4.34106406396738,0.912583347232336,NaN
development_5_stationary_traffic,stationary_traffic,guard_only,2.61989557952299,0.815393664389539,NaN
development_5_clean_control,clean_control,guard_only,NaN,1,NaN
development_6_level,level,guard_only,5.66204624436691,0.880120640572186,7.2169754555913
development_6_type,type,guard_only,4.09830187297902,0.813219914533605,4.51808919481629
development_6_onset,onset,guard_only,5.39306604034971,0.83950765434772,0.233706576106272
development_6_offset,offset,guard_only,2.83870253012076,0.873433827380084,14.7993727578937
development_6_type_pause,type_pause,guard_only,3.36026436544477,0.803988550014915,2.08877914523127
development_6_stationary_office,stationary_office,guard_only,2.98515955442139,0.861277991533038,NaN
development_6_stationary_traffic,stationary_traffic,guard_only,1.65921344580116,0.742437918210058,NaN
development_6_clean_control,clean_control,guard_only,NaN,1,NaN
development_1_level,level,guard_and_tuned,5.39121057797577,0.929447113585583,5.22111146918125
development_1_type,type,guard_and_tuned,1.6106735805176,0.856359372877928,10.8773167129388
development_1_onset,onset,guard_and_tuned,1.13470772142298,0.914251439885051,5.21491052860296
development_1_offset,offset,guard_and_tuned,7.89425342439118,0.907992744633619,17.515639514735
development_1_type_pause,type_pause,guard_and_tuned,1.054521083567,0.85115454531238,7.83700488261376
development_1_stationary_office,stationary_office,guard_and_tuned,3.55086854236513,0.886904315735586,NaN
development_1_stationary_traffic,stationary_traffic,guard_and_tuned,2.81645964897126,0.844113868279824,NaN
development_1_clean_control,clean_control,guard_and_tuned,NaN,1,NaN
development_2_level,level,guard_and_tuned,4.5528398376778,0.890570742581,-2.53340270382723
development_2_type,type,guard_and_tuned,4.70197332450449,0.819582565017112,-2.57716331998808
development_2_onset,onset,guard_and_tuned,3.63687534004145,0.826329888176735,-4.28140094289231
development_2_offset,offset,guard_and_tuned,3.60304190960682,0.936579604477568,7.05801773695493
development_2_type_pause,type_pause,guard_and_tuned,4.56485353031415,0.819949191608557,-30.5416734005603
development_2_stationary_office,stationary_office,guard_and_tuned,4.51875332855893,0.884421218357427,NaN
development_2_stationary_traffic,stationary_traffic,guard_and_tuned,2.08391508509812,0.795759485627874,NaN
development_2_clean_control,clean_control,guard_and_tuned,NaN,1,NaN
development_3_level,level,guard_and_tuned,3.68563215299173,0.912043532661107,-0.645142607954168
development_3_type,type,guard_and_tuned,6.35135127438078,0.867006854735993,3.9277362013794
development_3_onset,onset,guard_and_tuned,5.37399941904914,0.877728922549037,-0.579611911807917
development_3_offset,offset,guard_and_tuned,2.85193276105766,0.935053253065169,12.8801767886336
development_3_type_pause,type_pause,guard_and_tuned,5.89884393173297,0.862967067939273,-26.9128989023242
development_3_stationary_office,stationary_office,guard_and_tuned,4.41765047604641,0.908260139334361,NaN
development_3_stationary_traffic,stationary_traffic,guard_and_tuned,1.60872915084137,0.843803381966892,NaN
development_3_clean_control,clean_control,guard_and_tuned,NaN,1,NaN
development_4_level,level,guard_and_tuned,3.30641348527998,0.902823996507533,4.7179927618569
development_4_type,type,guard_and_tuned,2.64177478823675,0.764559829904691,7.11978723901524
development_4_onset,onset,guard_and_tuned,1.32727468867562,0.796544549272368,3.48147435928067
development_4_offset,offset,guard_and_tuned,7.61605834398427,0.932096107123465,17.1776077824852
development_4_type_pause,type_pause,guard_and_tuned,2.1973954756074,0.752650643992651,5.39651603264669
development_4_stationary_office,stationary_office,guard_and_tuned,4.32560734791382,0.890240762567542,NaN
development_4_stationary_traffic,stationary_traffic,guard_and_tuned,3.21399983534977,0.759692732340849,NaN
development_4_clean_control,clean_control,guard_and_tuned,NaN,1,NaN
development_5_level,level,guard_and_tuned,4.97465058893907,0.926327858659085,-4.88386921943844
development_5_type,type,guard_and_tuned,2.64135467809154,0.8513603336076,-5.49146068274246
development_5_onset,onset,guard_and_tuned,1.65619022785182,0.868342832573546,-7.68759434928029
development_5_offset,offset,guard_and_tuned,7.25181768332961,0.928095752096715,6.9956074333172
development_5_type_pause,type_pause,guard_and_tuned,2.48132876060788,0.844722970248129,-14.3778219766016
development_5_stationary_office,stationary_office,guard_and_tuned,5.1863786300116,0.915179622666208,NaN
development_5_stationary_traffic,stationary_traffic,guard_and_tuned,2.61989557952299,0.815393664389539,NaN
development_5_clean_control,clean_control,guard_and_tuned,NaN,1,NaN
development_6_level,level,guard_and_tuned,4.76412632122213,0.883311760495032,7.52468755521377
development_6_type,type,guard_and_tuned,4.51729306449982,0.809727508028047,4.74274547338595
development_6_onset,onset,guard_and_tuned,5.39306604034948,0.83950765434772,0.233706576106679
development_6_offset,offset,guard_and_tuned,2.53763151442426,0.869754724931711,12.2956048373876
development_6_type_pause,type_pause,guard_and_tuned,3.86524775614305,0.799016361660498,2.3735115395401
development_6_stationary_office,stationary_office,guard_and_tuned,3.44405039617405,0.865465780407455,NaN
development_6_stationary_traffic,stationary_traffic,guard_and_tuned,1.65921344580116,0.742437918210058,NaN
development_6_clean_control,clean_control,guard_and_tuned,NaN,1,NaN
development_1_level,level,oracle_tuned,5.99519336798557,0.927684704792769,5.54814409688255
development_1_type,type,oracle_tuned,1.60372024048156,0.855587071908276,11.8020570798226
development_1_onset,onset,oracle_tuned,1.13470772142149,0.914251439885028,5.21491052860717
development_1_offset,offset,oracle_tuned,7.54181996301811,0.908881081743133,12.829248983166
development_1_type_pause,type_pause,oracle_tuned,0.976597912986692,0.85117096945429,8.72503007573151
development_1_stationary_office,stationary_office,oracle_tuned,3.65959719024096,0.887097366063942,NaN
development_1_stationary_traffic,stationary_traffic,oracle_tuned,2.76562969971421,0.846122213160644,NaN
development_1_clean_control,clean_control,oracle_tuned,NaN,1,NaN
development_2_level,level,oracle_tuned,4.39415536354482,0.890418520192679,-2.22167505746426
development_2_type,type,oracle_tuned,4.77804882317819,0.823169796225396,-1.02944857174849
development_2_onset,onset,oracle_tuned,3.63687534003739,0.826329888176725,-4.28140094288892
development_2_offset,offset,oracle_tuned,2.72637144821089,0.936701569047164,7.29552115435994
development_2_type_pause,type_pause,oracle_tuned,4.61505219034022,0.819995887607336,-33.2720037692747
development_2_stationary_office,stationary_office,oracle_tuned,4.66559114449303,0.88538790159986,NaN
development_2_stationary_traffic,stationary_traffic,oracle_tuned,2.08391508509812,0.795759485627874,NaN
development_2_clean_control,clean_control,oracle_tuned,NaN,1,NaN
development_3_level,level,oracle_tuned,3.54186029262211,0.912287118086137,-0.319877713308179
development_3_type,type,oracle_tuned,6.45100407225097,0.867001443623514,3.90292397370473
development_3_onset,onset,oracle_tuned,5.37399941904368,0.877728922548988,-0.5796119118081
development_3_offset,offset,oracle_tuned,2.12772612214094,0.933516968222242,11.7741941524747
development_3_type_pause,type_pause,oracle_tuned,5.90243847852332,0.863806102825626,-28.3804031545257
development_3_stationary_office,stationary_office,oracle_tuned,4.52353598265827,0.909404112337868,NaN
development_3_stationary_traffic,stationary_traffic,oracle_tuned,1.60872915084137,0.843803381966892,NaN
development_3_clean_control,clean_control,oracle_tuned,NaN,1,NaN
development_4_level,level,oracle_tuned,3.45208224068311,0.902625068877781,5.08641967440101
development_4_type,type,oracle_tuned,2.61589152205209,0.764128812412011,7.55586910398069
development_4_onset,onset,oracle_tuned,1.32727468866389,0.796544549272347,3.48147435928067
development_4_offset,offset,oracle_tuned,7.25779278699943,0.932136944645806,17.2262615704821
development_4_type_pause,type_pause,oracle_tuned,2.10896768427674,0.752425479528091,5.4816980608908
development_4_stationary_office,stationary_office,oracle_tuned,4.57207586874523,0.890710252111831,NaN
development_4_stationary_traffic,stationary_traffic,oracle_tuned,3.21399983534977,0.759692732340849,NaN
development_4_clean_control,clean_control,oracle_tuned,NaN,1,NaN
development_5_level,level,oracle_tuned,5.23898461559596,0.926484299961407,-4.33334648144788
development_5_type,type,oracle_tuned,2.62709318621716,0.850851424531885,-5.41188355649481
development_5_onset,onset,oracle_tuned,1.65619022785028,0.868342832573544,-7.6875943492801
development_5_offset,offset,oracle_tuned,6.43695906594112,0.92581363016238,6.81105040944883
development_5_type_pause,type_pause,oracle_tuned,2.37745167532083,0.845329171132026,-14.5770180519861
development_5_stationary_office,stationary_office,oracle_tuned,5.35064689734246,0.915745982984836,NaN
development_5_stationary_traffic,stationary_traffic,oracle_tuned,2.61989557952299,0.815393664389539,NaN
development_5_clean_control,clean_control,oracle_tuned,NaN,1,NaN
development_6_level,level,oracle_tuned,4.69868589782234,0.883772548503995,7.02168744328806
development_6_type,type,oracle_tuned,4.43231751100072,0.809055514317685,4.41271468221505
development_6_onset,onset,oracle_tuned,5.39306604034545,0.839507654347719,0.233706576097483
development_6_offset,offset,oracle_tuned,2.27248082535404,0.883323735915953,11.38506167612
development_6_type_pause,type_pause,oracle_tuned,3.75236164688372,0.798255149590479,1.68551805592426
development_6_stationary_office,stationary_office,oracle_tuned,3.57223010382298,0.866392197685088,NaN
development_6_stationary_traffic,stationary_traffic,oracle_tuned,1.65921344580116,0.742437918210058,NaN
development_6_clean_control,clean_control,oracle_tuned,NaN,1,NaN
