case_id,condition,method,false_alarm_time_s,reference_speech_active,noise_occupancy_db
development_1_level,level,unguarded,1.32,1,-3.05967626748233
development_1_level,level,unguarded,1.952,0,-8.4664445415014
development_1_level,level,unguarded,3.152,1,-11.6958536308992
development_1_level,level,unguarded,6.088,1,-11.5522616831313
development_1_type,type,unguarded,1.32,1,-3.33221606155946
development_1_type,type,unguarded,1.96,0,-8.4044585818771
development_1_onset,onset,unguarded,1.04,0,-2.57213237076984
development_1_onset,onset,unguarded,1.424,1,-5.51978391176107
development_1_onset,onset,unguarded,1.944,0,-8.24874631862438
development_1_onset,onset,unguarded,2.52,0,-28.4763207839018
development_1_offset,offset,unguarded,1.96,0,-6.89082431721057
development_1_offset,offset,unguarded,3.736,0,-9.03423405687626
development_1_offset,offset,unguarded,4.256,0,-27.125033027825
development_1_offset,offset,unguarded,5.184,0,-18.2216411944721
development_1_offset,offset,unguarded,5.92,1,0.603822170135838
development_1_offset,offset,unguarded,6.304,1,-28.5013409089131
development_1_offset,offset,unguarded,7.928,0,-7.77706076061692
development_1_type_pause,type_pause,unguarded,1.32,1,-3.33221606155946
development_1_type_pause,type_pause,unguarded,1.96,0,-8.4044585818771
development_1_stationary_office,stationary_office,unguarded,1.32,1,-3.33221606155946
development_1_stationary_office,stationary_office,unguarded,1.96,0,-8.4044585818771
development_1_stationary_office,stationary_office,unguarded,2.784,1,0.399746240243157
development_1_stationary_office,stationary_office,unguarded,6.088,1,-11.5522616831313
development_1_stationary_traffic,stationary_traffic,unguarded,1.96,0,-6.89082431721057
development_1_clean_control,clean_control,unguarded,1.04,0,-2.57213237076984
development_1_clean_control,clean_control,unguarded,1.424,1,-5.51978391176107
development_1_clean_control,clean_control,unguarded,1.944,0,-8.24874631862438
development_1_clean_control,clean_control,unguarded,2.52,0,-28.4763207839018
development_1_clean_control,clean_control,unguarded,2.904,1,-1.29144258118057
development_1_clean_control,clean_control,unguarded,3.736,0,-9.03423405687626
development_1_clean_control,clean_control,unguarded,4.256,0,-27.125033027825
development_1_clean_control,clean_control,unguarded,5.184,0,-18.2216411944721
development_1_clean_control,clean_control,unguarded,5.92,1,0.603822170135838
development_1_clean_control,clean_control,unguarded,6.304,1,-28.5013409089131
development_1_clean_control,clean_control,unguarded,7.928,0,-7.77706076061692
development_2_level,level,unguarded,1.304,0,1.26855344879858
development_2_level,level,unguarded,1.688,1,-13.0828178205608
development_2_level,level,unguarded,2.44,0,-5.22284054950358
development_2_level,level,unguarded,4.208,0,-2.19516835530271
development_2_level,level,unguarded,6.312,0,-19.4722277429893
development_2_level,level,unguarded,7.184,1,-4.09321609139943
development_2_type,type,unguarded,1.568,1,0.518431114073658
development_2_onset,onset,unguarded,1.04,0,-6.27801011365571
development_2_onset,onset,unguarded,1.552,1,0.488100171694549
development_2_onset,onset,unguarded,2.04,0,-22.0116677390131
development_2_onset,onset,unguarded,2.432,0,-3.97432084112912
development_2_onset,onset,unguarded,3.2,0,-7.1289915129396
development_2_offset,offset,unguarded,3.216,0,-16.3803964916275
development_2_offset,offset,unguarded,3.808,0,1.68058271745519
development_2_offset,offset,unguarded,4.192,1,-2.30062596438036
development_2_offset,offset,unguarded,4.896,0,-22.9347875668193
development_2_offset,offset,unguarded,5.776,1,1.10170799994071
development_2_offset,offset,unguarded,6.16,1,-19.2877796376729
development_2_offset,offset,unguarded,6.544,0,-29.6175697246933
development_2_offset,offset,unguarded,7.152,1,-1.19617339404096
development_2_offset,offset,unguarded,7.536,0,-23.847466207167
development_2_type_pause,type_pause,unguarded,1.568,1,0.518431114073658
development_2_type_pause,type_pause,unguarded,3.224,0,-5.86686469286017
development_2_stationary_office,stationary_office,unguarded,1.568,1,0.518431114073658
development_2_stationary_office,stationary_office,unguarded,4.208,0,-2.19516835530271
development_2_stationary_office,stationary_office,unguarded,6.312,0,-19.4722277429893
development_2_stationary_office,stationary_office,unguarded,7.184,1,-4.09321609139943
development_2_clean_control,clean_control,unguarded,1.04,0,-6.27801011365571
development_2_clean_control,clean_control,unguarded,1.552,1,0.488100171694549
development_2_clean_control,clean_control,unguarded,2.04,0,-22.0116677390131
development_2_clean_control,clean_control,unguarded,2.432,0,-3.97432084112912
development_2_clean_control,clean_control,unguarded,2.816,1,-4.80280671688287
development_2_clean_control,clean_control,unguarded,3.2,0,-29.3542866331694
development_2_clean_control,clean_control,unguarded,3.808,0,1.68058271745519
development_2_clean_control,clean_control,unguarded,4.192,1,-2.30062596438036
development_2_clean_control,clean_control,unguarded,4.896,0,-22.9347875668193
development_2_clean_control,clean_control,unguarded,5.776,1,1.10170799994071
development_2_clean_control,clean_control,unguarded,6.16,1,-19.2877796376729
development_2_clean_control,clean_control,unguarded,6.544,0,-29.6175697246933
development_2_clean_control,clean_control,unguarded,7.152,1,-1.19617339404096
development_2_clean_control,clean_control,unguarded,7.536,0,-23.847466207167
development_3_level,level,unguarded,1.32,1,0.00407733307751775
development_3_level,level,unguarded,1.912,1,-2.37214613610804
development_3_level,level,unguarded,3.032,1,0.500036319958264
development_3_level,level,unguarded,7.064,1,-6.89899335197927
development_3_type,type,unguarded,1.336,0,-0.0996062011136704
development_3_type,type,unguarded,3.04,1,0.0616463884630993
development_3_onset,onset,unguarded,1.04,0,-3.37688199691894
development_3_onset,onset,unguarded,1.608,0,-16.4285699429581
development_3_onset,onset,unguarded,1.992,0,-6.02499404768179
development_3_onset,onset,unguarded,2.376,0,-31.616047067815
development_3_onset,onset,unguarded,3.008,1,-1.13687098960185
development_3_offset,offset,unguarded,3.792,0,-15.583486596472
development_3_offset,offset,unguarded,4.2,0,-7.44605754148037
development_3_offset,offset,unguarded,4.584,1,-19.2969591889434
development_3_offset,offset,unguarded,5.104,1,-25.8354123883597
development_3_offset,offset,unguarded,5.968,0,-13.2515351089219
development_3_offset,offset,unguarded,6.704,0,-6.70089926615282
development_3_offset,offset,unguarded,7.088,1,-6.80048340288379
development_3_offset,offset,unguarded,7.544,0,-15.5095055544152
development_3_type_pause,type_pause,unguarded,1.336,0,-0.0996062011136704
development_3_stationary_office,stationary_office,unguarded,1.336,0,-0.0996062011136704
development_3_stationary_office,stationary_office,unguarded,3.04,1,0.0616463884630993
development_3_stationary_office,stationary_office,unguarded,7.064,1,-6.89899335197927
development_3_clean_control,clean_control,unguarded,1.04,0,-3.37688199691894
development_3_clean_control,clean_control,unguarded,1.608,0,-16.4285699429581
development_3_clean_control,clean_control,unguarded,1.992,0,-6.02499404768179
development_3_clean_control,clean_control,unguarded,2.376,0,-31.616047067815
development_3_clean_control,clean_control,unguarded,3.008,1,-1.13687098960185
development_3_clean_control,clean_control,unguarded,3.392,1,-5.08685739562888
development_3_clean_control,clean_control,unguarded,3.776,0,-25.8642422255575
development_3_clean_control,clean_control,unguarded,4.2,0,-7.44605754148037
development_3_clean_control,clean_control,unguarded,4.584,1,-19.2969591889434
development_3_clean_control,clean_control,unguarded,5.104,1,-25.8354123883597
development_3_clean_control,clean_control,unguarded,5.968,0,-13.2515351089219
development_3_clean_control,clean_control,unguarded,6.704,0,-6.70089926615282
development_3_clean_control,clean_control,unguarded,7.088,1,-6.80048340288379
development_3_clean_control,clean_control,unguarded,7.544,0,-15.5095055544152
development_4_level,level,unguarded,1.624,1,-15.7929449020733
development_4_level,level,unguarded,2.416,0,-11.7023766549438
development_4_level,level,unguarded,2.824,1,-1.2613632839864
development_4_level,level,unguarded,6.536,1,0.497838708715434
development_4_level,level,unguarded,6.92,1,-6.99537773788262
development_4_type,type,unguarded,1.664,1,-10.8449385455429
development_4_type,type,unguarded,2.824,1,-1.22745716619704
development_4_onset,onset,unguarded,1.04,0,-4.21924983987964
development_4_onset,onset,unguarded,1.424,1,-19.9825961985443
development_4_onset,onset,unguarded,2.416,0,-11.759899267085
development_4_onset,onset,unguarded,2.8,1,-1.23775770642445
development_4_onset,onset,unguarded,3.568,1,-3.94736577666689
development_4_offset,offset,unguarded,3.872,1,-3.51373421308357
development_4_offset,offset,unguarded,4.256,0,-8.35525604033552
development_4_offset,offset,unguarded,5.168,1,-7.50153711119229
development_4_offset,offset,unguarded,5.568,1,-7.37995818493219
development_4_offset,offset,unguarded,5.952,0,-30.3897246548726
development_4_offset,offset,unguarded,6.512,1,0.422210648614798
development_4_offset,offset,unguarded,6.896,1,-7.13287550440191
development_4_offset,offset,unguarded,7.4,1,-6.86526201542427
development_4_offset,offset,unguarded,7.784,0,-23.5014379222089
development_4_type_pause,type_pause,unguarded,1.664,1,-10.8449385455429
development_4_type_pause,type_pause,unguarded,3.536,1,-3.9048641016306
development_4_stationary_office,stationary_office,unguarded,1.664,1,-10.8449385455429
development_4_stationary_office,stationary_office,unguarded,2.824,1,-1.22745716619704
development_4_stationary_office,stationary_office,unguarded,6.536,1,0.497838708715434
development_4_stationary_office,stationary_office,unguarded,6.92,1,-6.99537773788262
development_4_clean_control,clean_control,unguarded,1.04,0,-4.21924983987964
development_4_clean_control,clean_control,unguarded,1.424,1,-19.9825961985443
development_4_clean_control,clean_control,unguarded,2.416,0,-11.759899267085
development_4_clean_control,clean_control,unguarded,2.8,1,-1.23775770642445
development_4_clean_control,clean_control,unguarded,3.872,1,-3.51373421308357
development_4_clean_control,clean_control,unguarded,4.256,0,-8.35525604033552
development_4_clean_control,clean_control,unguarded,5.168,1,-7.50153711119229
development_4_clean_control,clean_control,unguarded,5.568,1,-7.37995818493219
development_4_clean_control,clean_control,unguarded,5.952,0,-30.3897246548726
development_4_clean_control,clean_control,unguarded,6.512,1,0.422210648614798
development_4_clean_control,clean_control,unguarded,6.896,1,-7.13287550440191
development_4_clean_control,clean_control,unguarded,7.4,1,-6.86526201542427
development_4_clean_control,clean_control,unguarded,7.784,0,-23.5014379222089
development_5_level,level,unguarded,1.304,1,0.617354434432392
development_5_level,level,unguarded,1.688,1,-12.8280459680064
development_5_level,level,unguarded,2.224,0,-8.78066352314615
development_5_level,level,unguarded,4.984,1,-8.13416733571366
development_5_level,level,unguarded,7.328,0,-6.31525966716024
development_5_type,type,unguarded,1.584,1,-12.608958108708
development_5_onset,onset,unguarded,1.04,0,-4.52712857529118
development_5_onset,onset,unguarded,1.536,1,-14.3551717451185
development_5_onset,onset,unguarded,2.224,0,-8.82062639764715
development_5_onset,onset,unguarded,2.632,1,-10.4233665462785
development_5_offset,offset,unguarded,3.632,0,-15.5530166909789
development_5_offset,offset,unguarded,4.016,0,-26.167563556261
development_5_offset,offset,unguarded,4.584,0,3.17277345890319
development_5_offset,offset,unguarded,4.968,1,-8.4282046129283
development_5_offset,offset,unguarded,5.624,0,-9.3121315175524
development_5_offset,offset,unguarded,6.256,0,-26.7425543837413
development_5_offset,offset,unguarded,6.648,0,-33.0442461634749
development_5_offset,offset,unguarded,7.192,1,0.375573854269351
development_5_type_pause,type_pause,unguarded,1.584,1,-12.608958108708
development_5_type_pause,type_pause,unguarded,3.728,0,-3.44893189019274
development_5_stationary_office,stationary_office,unguarded,1.584,1,-12.608958108708
development_5_stationary_office,stationary_office,unguarded,4.6,0,2.74391425478553
development_5_stationary_office,stationary_office,unguarded,4.984,1,-8.13416733571366
development_5_stationary_office,stationary_office,unguarded,7.328,0,-6.31525966716024
development_5_clean_control,clean_control,unguarded,1.04,0,-4.52712857529118
development_5_clean_control,clean_control,unguarded,1.536,1,-14.3551717451185
development_5_clean_control,clean_control,unguarded,2.224,0,-8.82062639764715
development_5_clean_control,clean_control,unguarded,2.632,1,-10.4233665462785
development_5_clean_control,clean_control,unguarded,3.568,0,-27.9803596893029
development_5_clean_control,clean_control,unguarded,3.96,0,-28.783831426628
development_5_clean_control,clean_control,unguarded,4.344,0,-5.23087211229815
development_5_clean_control,clean_control,unguarded,4.728,1,-25.2121878435245
development_5_clean_control,clean_control,unguarded,5.112,0,-9.79616952391236
development_5_clean_control,clean_control,unguarded,5.624,0,-9.3121315175524
development_5_clean_control,clean_control,unguarded,6.256,0,-26.7425543837413
development_5_clean_control,clean_control,unguarded,6.648,0,-33.0442461634749
development_5_clean_control,clean_control,unguarded,7.192,1,0.375573854269351
development_6_level,level,unguarded,1.296,0,2.3055139229997
development_6_level,level,unguarded,1.68,1,-6.5496375783376
development_6_level,level,unguarded,2.528,0,-17.3291639836045
development_6_level,level,unguarded,3.608,1,-13.0158505808473
development_6_level,level,unguarded,5.888,1,0.0275820999398788
development_6_level,level,unguarded,6.296,0,-18.4615949452578
development_6_type,type,unguarded,1.568,1,0.103679315895492
development_6_type,type,unguarded,3.616,1,-7.23213377811987
development_6_type,type,unguarded,4.696,1,-10.0102365076546
development_6_onset,onset,unguarded,1.04,0,-3.25976088373483
development_6_onset,onset,unguarded,1.56,1,0.0333062469084872
development_6_onset,onset,unguarded,2.496,0,-9.22402804746119
development_6_onset,onset,unguarded,3.592,1,-15.3280795375902
development_6_onset,onset,unguarded,4.696,1,-10.1446321481206
development_6_offset,offset,unguarded,4.816,1,-9.82682351955273
development_6_offset,offset,unguarded,5.2,0,-28.5421253154198
development_6_offset,offset,unguarded,5.832,1,2.21510258228612
development_6_offset,offset,unguarded,6.216,1,-20.3174833312324
development_6_offset,offset,unguarded,6.688,0,-7.93469389721781
development_6_offset,offset,unguarded,7.072,0,-31.0431257779956
development_6_offset,offset,unguarded,7.784,1,0.556465895589965
development_6_type_pause,type_pause,unguarded,1.568,1,0.103679315895492
development_6_type_pause,type_pause,unguarded,3.616,1,-7.23213377811987
development_6_type_pause,type_pause,unguarded,4.8,1,-6.03009928672969
development_6_stationary_office,stationary_office,unguarded,1.568,1,0.103679315895492
development_6_stationary_office,stationary_office,unguarded,3.616,1,-7.23213377811987
development_6_stationary_office,stationary_office,unguarded,4.312,1,-1.7483410195475
development_6_stationary_office,stationary_office,unguarded,5.888,1,0.0275820999398788
development_6_stationary_office,stationary_office,unguarded,6.296,0,-18.4615949452578
development_6_clean_control,clean_control,unguarded,1.04,0,-3.25976088373483
development_6_clean_control,clean_control,unguarded,1.56,1,0.0333062469084872
development_6_clean_control,clean_control,unguarded,2.496,0,-9.22402804746119
development_6_clean_control,clean_control,unguarded,3.592,1,-15.3280795375902
development_6_clean_control,clean_control,unguarded,4.312,1,-1.67538562288995
development_6_clean_control,clean_control,unguarded,4.936,0,-19.1072542473921
development_6_clean_control,clean_control,unguarded,5.32,0,-31.0209335786795
development_6_clean_control,clean_control,unguarded,5.832,1,2.21510258228612
development_6_clean_control,clean_control,unguarded,6.216,1,-20.3174833312324
development_6_clean_control,clean_control,unguarded,6.688,0,-7.93469389721781
development_6_clean_control,clean_control,unguarded,7.072,0,-31.0431257779956
development_6_clean_control,clean_control,unguarded,7.784,1,0.556465895589965
development_1_level,level,noise_guarded,1.32,1,-3.05967626748233
development_1_level,level,noise_guarded,1.96,0,-8.60704759332052
development_1_type,type,noise_guarded,1.32,1,-3.33221606155946
development_1_type,type,noise_guarded,1.96,0,-8.4044585818771
development_1_onset,onset,noise_guarded,1.04,0,-2.57213237076984
development_1_onset,onset,noise_guarded,1.424,1,-5.51978391176107
development_1_onset,onset,noise_guarded,1.968,0,-9.03850232538127
development_1_onset,onset,noise_guarded,3.144,1,-8.45406599046492
development_1_offset,offset,noise_guarded,1.96,0,-6.89082431721057
development_1_offset,offset,noise_guarded,3.736,0,-9.03423405687626
development_1_offset,offset,noise_guarded,5.928,1,0.693587396189218
development_1_offset,offset,noise_guarded,7.928,0,-7.77706076061692
development_1_type_pause,type_pause,noise_guarded,1.32,1,-3.33221606155946
development_1_type_pause,type_pause,noise_guarded,1.96,0,-8.4044585818771
development_1_stationary_office,stationary_office,noise_guarded,1.32,1,-3.33221606155946
development_1_stationary_office,stationary_office,noise_guarded,1.96,0,-8.4044585818771
development_1_stationary_office,stationary_office,noise_guarded,2.784,1,0.399746240243157
development_1_stationary_traffic,stationary_traffic,noise_guarded,1.96,0,-6.89082431721057
development_1_clean_control,clean_control,noise_guarded,1.04,0,-2.57213237076984
development_1_clean_control,clean_control,noise_guarded,1.424,1,-5.51978391176107
development_1_clean_control,clean_control,noise_guarded,1.968,0,-9.03850232538127
development_1_clean_control,clean_control,noise_guarded,2.76,1,0.884123349176028
development_1_clean_control,clean_control,noise_guarded,3.736,0,-9.03423405687626
development_1_clean_control,clean_control,noise_guarded,5.928,1,0.693587396189218
development_1_clean_control,clean_control,noise_guarded,7.928,0,-7.77706076061692
development_2_level,level,noise_guarded,1.304,0,1.26855344879858
development_2_level,level,noise_guarded,2.44,0,-5.22284054950358
development_2_level,level,noise_guarded,4.208,0,-2.19516835530271
development_2_level,level,noise_guarded,7.184,1,-4.09321609139943
development_2_type,type,noise_guarded,1.568,1,0.518431114073658
development_2_onset,onset,noise_guarded,1.04,0,-6.27801011365571
development_2_onset,onset,noise_guarded,1.56,1,0.490929532268281
development_2_onset,onset,noise_guarded,2.432,0,-3.97432084112912
development_2_onset,onset,noise_guarded,3.208,0,-7.39946561074839
development_2_offset,offset,noise_guarded,3.808,0,1.68058271745519
development_2_offset,offset,noise_guarded,4.208,0,-2.31220506482842
development_2_offset,offset,noise_guarded,5.776,1,1.10170799994071
development_2_offset,offset,noise_guarded,7.152,1,-1.19617339404096
development_2_type_pause,type_pause,noise_guarded,1.568,1,0.518431114073658
development_2_type_pause,type_pause,noise_guarded,3.224,0,-5.86686469286017
development_2_stationary_office,stationary_office,noise_guarded,1.568,1,0.518431114073658
development_2_stationary_office,stationary_office,noise_guarded,4.208,0,-2.19516835530271
development_2_stationary_office,stationary_office,noise_guarded,7.184,1,-4.09321609139943
development_2_clean_control,clean_control,noise_guarded,1.04,0,-6.27801011365571
development_2_clean_control,clean_control,noise_guarded,1.56,1,0.490929532268281
development_2_clean_control,clean_control,noise_guarded,2.432,0,-3.97432084112912
development_2_clean_control,clean_control,noise_guarded,2.824,1,-4.79551586515413
development_2_clean_control,clean_control,noise_guarded,3.808,0,1.68058271745519
development_2_clean_control,clean_control,noise_guarded,4.208,0,-2.31220506482842
development_2_clean_control,clean_control,noise_guarded,5.776,1,1.10170799994071
development_2_clean_control,clean_control,noise_guarded,7.152,1,-1.19617339404096
development_3_level,level,noise_guarded,1.32,1,0.00407733307751775
development_3_level,level,noise_guarded,1.92,1,-2.37272353358127
development_3_level,level,noise_guarded,3.032,1,0.500036319958264
development_3_level,level,noise_guarded,7.064,1,-6.89899335197927
development_3_type,type,noise_guarded,1.336,0,-0.0996062011136704
development_3_type,type,noise_guarded,3.04,1,0.0616463884630993
development_3_onset,onset,noise_guarded,1.04,0,-3.37688199691894
development_3_onset,onset,noise_guarded,1.92,1,-2.28316857832578
development_3_onset,onset,noise_guarded,3.008,1,-1.13687098960185
development_3_offset,offset,noise_guarded,4.232,0,-8.15536403918949
development_3_offset,offset,noise_guarded,6.704,0,-6.70089926615282
development_3_offset,offset,noise_guarded,7.088,1,-6.80048340288379
development_3_type_pause,type_pause,noise_guarded,1.336,0,-0.0996062011136704
development_3_stationary_office,stationary_office,noise_guarded,1.336,0,-0.0996062011136704
development_3_stationary_office,stationary_office,noise_guarded,3.04,1,0.0616463884630993
development_3_stationary_office,stationary_office,noise_guarded,7.064,1,-6.89899335197927
development_3_clean_control,clean_control,noise_guarded,1.04,0,-3.37688199691894
development_3_clean_control,clean_control,noise_guarded,1.92,1,-2.28316857832578
development_3_clean_control,clean_control,noise_guarded,3.008,1,-1.13687098960185
development_3_clean_control,clean_control,noise_guarded,3.392,1,-5.08685739562888
development_3_clean_control,clean_control,noise_guarded,4.232,0,-8.15536403918949
development_3_clean_control,clean_control,noise_guarded,6.704,0,-6.70089926615282
development_3_clean_control,clean_control,noise_guarded,7.088,1,-6.80048340288379
development_4_level,level,noise_guarded,2.824,1,-1.2613632839864
development_4_level,level,noise_guarded,6.536,1,0.497838708715434
development_4_level,level,noise_guarded,6.92,1,-6.99537773788262
development_4_type,type,noise_guarded,2.824,1,-1.22745716619704
development_4_onset,onset,noise_guarded,1.04,0,-4.21924983987964
development_4_onset,onset,noise_guarded,2.824,1,-1.26160820470361
development_4_offset,offset,noise_guarded,3.872,1,-3.51373421308357
development_4_offset,offset,noise_guarded,5.168,1,-7.50153711119229
development_4_offset,offset,noise_guarded,5.608,0,-9.19502618474402
development_4_offset,offset,noise_guarded,6.512,1,0.422210648614798
development_4_offset,offset,noise_guarded,6.896,1,-7.13287550440191
development_4_offset,offset,noise_guarded,7.4,1,-6.86526201542427
development_4_type_pause,type_pause,noise_guarded,3.544,1,-3.57207879845212
development_4_stationary_office,stationary_office,noise_guarded,2.824,1,-1.22745716619704
development_4_stationary_office,stationary_office,noise_guarded,6.536,1,0.497838708715434
development_4_stationary_office,stationary_office,noise_guarded,6.92,1,-6.99537773788262
development_4_clean_control,clean_control,noise_guarded,1.04,0,-4.21924983987964
development_4_clean_control,clean_control,noise_guarded,2.824,1,-1.26160820470361
development_4_clean_control,clean_control,noise_guarded,3.872,1,-3.51373421308357
development_4_clean_control,clean_control,noise_guarded,5.168,1,-7.50153711119229
development_4_clean_control,clean_control,noise_guarded,5.608,0,-9.19502618474402
development_4_clean_control,clean_control,noise_guarded,6.512,1,0.422210648614798
development_4_clean_control,clean_control,noise_guarded,6.896,1,-7.13287550440191
development_4_clean_control,clean_control,noise_guarded,7.4,1,-6.86526201542427
development_5_level,level,noise_guarded,1.304,1,0.617354434432392
development_5_level,level,noise_guarded,2.256,0,-8.54524905946715
development_5_level,level,noise_guarded,4.984,1,-8.13416733571366
development_5_level,level,noise_guarded,7.328,0,-6.31525966716024
development_5_onset,onset,noise_guarded,1.04,0,-4.52712857529118
development_5_onset,onset,noise_guarded,1.768,1,-5.09214863506564
development_5_onset,onset,noise_guarded,2.256,0,-8.60491881990397
development_5_offset,offset,noise_guarded,4.248,0,-3.65901039717124
development_5_offset,offset,noise_guarded,4.632,0,-12.2803177625033
development_5_offset,offset,noise_guarded,5.016,1,-8.44750537398731
development_5_offset,offset,noise_guarded,5.624,0,-9.3121315175524
development_5_offset,offset,noise_guarded,7.192,1,0.375573854269351
development_5_type_pause,type_pause,noise_guarded,3.736,0,-3.43367222341687
development_5_stationary_office,stationary_office,noise_guarded,4.6,0,2.74391425478553
development_5_stationary_office,stationary_office,noise_guarded,4.984,1,-8.13416733571366
development_5_stationary_office,stationary_office,noise_guarded,7.328,0,-6.31525966716024
development_5_clean_control,clean_control,noise_guarded,1.04,0,-4.52712857529118
development_5_clean_control,clean_control,noise_guarded,1.768,1,-5.09214863506564
development_5_clean_control,clean_control,noise_guarded,2.256,0,-8.60491881990397
development_5_clean_control,clean_control,noise_guarded,4.248,0,-3.65901039717124
development_5_clean_control,clean_control,noise_guarded,4.632,0,-12.2803177625033
development_5_clean_control,clean_control,noise_guarded,5.016,1,-8.44750537398731
development_5_clean_control,clean_control,noise_guarded,5.624,0,-9.3121315175524
development_5_clean_control,clean_control,noise_guarded,7.192,1,0.375573854269351
development_6_level,level,noise_guarded,1.296,0,2.3055139229997
development_6_level,level,noise_guarded,1.68,1,-6.5496375783376
development_6_level,level,noise_guarded,5.888,1,0.0275820999398788
development_6_type,type,noise_guarded,1.568,1,0.103679315895492
development_6_type,type,noise_guarded,3.616,1,-7.23213377811987
development_6_type,type,noise_guarded,4.752,1,-8.13508677100471
development_6_onset,onset,noise_guarded,1.04,0,-3.25976088373483
development_6_onset,onset,noise_guarded,1.568,1,0.0786985328942303
development_6_onset,onset,noise_guarded,2.496,0,-9.22402804746119
development_6_onset,onset,noise_guarded,4.76,1,-7.63360561456795
development_6_offset,offset,noise_guarded,5.832,1,2.21510258228612
development_6_offset,offset,noise_guarded,6.696,0,-8.49051507373605
development_6_offset,offset,noise_guarded,7.784,1,0.556465895589965
development_6_type_pause,type_pause,noise_guarded,1.568,1,0.103679315895492
development_6_type_pause,type_pause,noise_guarded,3.616,1,-7.23213377811987
development_6_type_pause,type_pause,noise_guarded,4.808,0,-6.03484981845888
development_6_stationary_office,stationary_office,noise_guarded,1.568,1,0.103679315895492
development_6_stationary_office,stationary_office,noise_guarded,3.616,1,-7.23213377811987
development_6_stationary_office,stationary_office,noise_guarded,4.312,1,-1.7483410195475
development_6_stationary_office,stationary_office,noise_guarded,5.888,1,0.0275820999398788
development_6_clean_control,clean_control,noise_guarded,1.04,0,-3.25976088373483
development_6_clean_control,clean_control,noise_guarded,1.568,1,0.0786985328942303
development_6_clean_control,clean_control,noise_guarded,2.496,0,-9.22402804746119
development_6_clean_control,clean_control,noise_guarded,4.312,1,-1.67538562288995
development_6_clean_control,clean_control,noise_guarded,5.832,1,2.21510258228612
development_6_clean_control,clean_control,noise_guarded,6.696,0,-8.49051507373605
development_6_clean_control,clean_control,noise_guarded,7.784,1,0.556465895589965
