case_id,split,speaker,replicate,seed,speech_files,condition,noise_start_s,duration_s,change_time_s
development_1_level,development,p232,1,530519059,p232_034.wav;p232_035.wav;p232_036.wav;p232_037.wav;p232_038.wav;p232_039.wav;p232_040.wav;p232_041.wav,level,70,8,2.673125
development_1_type,development,p232,1,530519059,p232_034.wav;p232_035.wav;p232_036.wav;p232_037.wav;p232_038.wav;p232_039.wav;p232_040.wav;p232_041.wav,type,70,8,2.673125
development_1_onset,development,p232,1,530519059,p232_034.wav;p232_035.wav;p232_036.wav;p232_037.wav;p232_038.wav;p232_039.wav;p232_040.wav;p232_041.wav,onset,70,8,2.673125
development_1_offset,development,p232,1,530519059,p232_034.wav;p232_035.wav;p232_036.wav;p232_037.wav;p232_038.wav;p232_039.wav;p232_040.wav;p232_041.wav,offset,70,8,2.673125
development_1_type_pause,development,p232,1,530519059,p232_034.wav;p232_035.wav;p232_036.wav;p232_037.wav;p232_038.wav;p232_039.wav;p232_040.wav;p232_041.wav,type_pause,70,8,2.673125
development_1_stationary_office,development,p232,1,530519059,p232_034.wav;p232_035.wav;p232_036.wav;p232_037.wav;p232_038.wav;p232_039.wav;p232_040.wav;p232_041.wav,stationary_office,70,8,NaN
development_1_stationary_traffic,development,p232,1,530519059,p232_034.wav;p232_035.wav;p232_036.wav;p232_037.wav;p232_038.wav;p232_039.wav;p232_040.wav;p232_041.wav,stationary_traffic,70,8,NaN
development_1_clean_control,development,p232,1,530519059,p232_034.wav;p232_035.wav;p232_036.wav;p232_037.wav;p232_038.wav;p232_039.wav;p232_040.wav;p232_041.wav,clean_control,70,8,NaN
development_2_level,development,p232,2,530519060,p232_042.wav;p232_043.wav;p232_044.wav;p232_045.wav;p232_046.wav;p232_047.wav;p232_048.wav;p232_049.wav,level,78,8,2.6469375
development_2_type,development,p232,2,530519060,p232_042.wav;p232_043.wav;p232_044.wav;p232_045.wav;p232_046.wav;p232_047.wav;p232_048.wav;p232_049.wav,type,78,8,2.6469375
development_2_onset,development,p232,2,530519060,p232_042.wav;p232_043.wav;p232_044.wav;p232_045.wav;p232_046.wav;p232_047.wav;p232_048.wav;p232_049.wav,onset,78,8,2.6469375
development_2_offset,development,p232,2,530519060,p232_042.wav;p232_043.wav;p232_044.wav;p232_045.wav;p232_046.wav;p232_047.wav;p232_048.wav;p232_049.wav,offset,78,8,2.6469375
development_2_type_pause,development,p232,2,530519060,p232_042.wav;p232_043.wav;p232_044.wav;p232_045.wav;p232_046.wav;p232_047.wav;p232_048.wav;p232_049.wav,type_pause,78,8,2.6469375
development_2_stationary_office,development,p232,2,530519060,p232_042.wav;p232_043.wav;p232_044.wav;p232_045.wav;p232_046.wav;p232_047.wav;p232_048.wav;p232_049.wav,stationary_office,78,8,NaN
development_2_stationary_traffic,development,p232,2,530519060,p232_042.wav;p232_043.wav;p232_044.wav;p232_045.wav;p232_046.wav;p232_047.wav;p232_048.wav;p232_049.wav,stationary_traffic,78,8,NaN
development_2_clean_control,development,p232,2,530519060,p232_042.wav;p232_043.wav;p232_044.wav;p232_045.wav;p232_046.wav;p232_047.wav;p232_048.wav;p232_049.wav,clean_control,78,8,NaN
development_3_level,development,p232,3,530519061,p232_050.wav;p232_051.wav;p232_052.wav;p232_053.wav;p232_054.wav;p232_055.wav;p232_056.wav;p232_057.wav,level,86,8,3.20675
development_3_type,development,p232,3,530519061,p232_050.wav;p232_051.wav;p232_052.wav;p232_053.wav;p232_054.wav;p232_055.wav;p232_056.wav;p232_057.wav,type,86,8,3.20675
development_3_onset,development,p232,3,530519061,p232_050.wav;p232_051.wav;p232_052.wav;p232_053.wav;p232_054.wav;p232_055.wav;p232_056.wav;p232_057.wav,onset,86,8,3.20675
development_3_offset,development,p232,3,530519061,p232_050.wav;p232_051.wav;p232_052.wav;p232_053.wav;p232_054.wav;p232_055.wav;p232_056.wav;p232_057.wav,offset,86,8,3.20675
development_3_type_pause,development,p232,3,530519061,p232_050.wav;p232_051.wav;p232_052.wav;p232_053.wav;p232_054.wav;p232_055.wav;p232_056.wav;p232_057.wav,type_pause,86,8,3.20675
development_3_stationary_office,development,p232,3,530519061,p232_050.wav;p232_051.wav;p232_052.wav;p232_053.wav;p232_054.wav;p232_055.wav;p232_056.wav;p232_057.wav,stationary_office,86,8,NaN
development_3_stationary_traffic,development,p232,3,530519061,p232_050.wav;p232_051.wav;p232_052.wav;p232_053.wav;p232_054.wav;p232_055.wav;p232_056.wav;p232_057.wav,stationary_traffic,86,8,NaN
development_3_clean_control,development,p232,3,530519061,p232_050.wav;p232_051.wav;p232_052.wav;p232_053.wav;p232_054.wav;p232_055.wav;p232_056.wav;p232_057.wav,clean_control,86,8,NaN
development_4_level,development,p232,4,530519062,p232_058.wav;p232_059.wav;p232_060.wav;p232_061.wav;p232_062.wav;p232_063.wav;p232_064.wav;p232_065.wav,level,94,8,2.9594375
development_4_type,development,p232,4,530519062,p232_058.wav;p232_059.wav;p232_060.wav;p232_061.wav;p232_062.wav;p232_063.wav;p232_064.wav;p232_065.wav,type,94,8,2.9594375
development_4_onset,development,p232,4,530519062,p232_058.wav;p232_059.wav;p232_060.wav;p232_061.wav;p232_062.wav;p232_063.wav;p232_064.wav;p232_065.wav,onset,94,8,2.9594375
development_4_offset,development,p232,4,530519062,p232_058.wav;p232_059.wav;p232_060.wav;p232_061.wav;p232_062.wav;p232_063.wav;p232_064.wav;p232_065.wav,offset,94,8,2.9594375
development_4_type_pause,development,p232,4,530519062,p232_058.wav;p232_059.wav;p232_060.wav;p232_061.wav;p232_062.wav;p232_063.wav;p232_064.wav;p232_065.wav,type_pause,94,8,2.9594375
development_4_stationary_office,development,p232,4,530519062,p232_058.wav;p232_059.wav;p232_060.wav;p232_061.wav;p232_062.wav;p232_063.wav;p232_064.wav;p232_065.wav,stationary_office,94,8,NaN
development_4_stationary_traffic,development,p232,4,530519062,p232_058.wav;p232_059.wav;p232_060.wav;p232_061.wav;p232_062.wav;p232_063.wav;p232_064.wav;p232_065.wav,stationary_traffic,94,8,NaN
development_4_clean_control,development,p232,4,530519062,p232_058.wav;p232_059.wav;p232_060.wav;p232_061.wav;p232_062.wav;p232_063.wav;p232_064.wav;p232_065.wav,clean_control,94,8,NaN
development_5_level,development,p232,5,530519063,p232_066.wav;p232_067.wav;p232_068.wav;p232_069.wav;p232_070.wav;p232_071.wav;p232_072.wav;p232_073.wav,level,102,8,3.151375
development_5_type,development,p232,5,530519063,p232_066.wav;p232_067.wav;p232_068.wav;p232_069.wav;p232_070.wav;p232_071.wav;p232_072.wav;p232_073.wav,type,102,8,3.151375
development_5_onset,development,p232,5,530519063,p232_066.wav;p232_067.wav;p232_068.wav;p232_069.wav;p232_070.wav;p232_071.wav;p232_072.wav;p232_073.wav,onset,102,8,3.151375
development_5_offset,development,p232,5,530519063,p232_066.wav;p232_067.wav;p232_068.wav;p232_069.wav;p232_070.wav;p232_071.wav;p232_072.wav;p232_073.wav,offset,102,8,3.151375
development_5_type_pause,development,p232,5,530519063,p232_066.wav;p232_067.wav;p232_068.wav;p232_069.wav;p232_070.wav;p232_071.wav;p232_072.wav;p232_073.wav,type_pause,102,8,3.151375
development_5_stationary_office,development,p232,5,530519063,p232_066.wav;p232_067.wav;p232_068.wav;p232_069.wav;p232_070.wav;p232_071.wav;p232_072.wav;p232_073.wav,stationary_office,102,8,NaN
development_5_stationary_traffic,development,p232,5,530519063,p232_066.wav;p232_067.wav;p232_068.wav;p232_069.wav;p232_070.wav;p232_071.wav;p232_072.wav;p232_073.wav,stationary_traffic,102,8,NaN
development_5_clean_control,development,p232,5,530519063,p232_066.wav;p232_067.wav;p232_068.wav;p232_069.wav;p232_070.wav;p232_071.wav;p232_072.wav;p232_073.wav,clean_control,102,8,NaN
development_6_level,development,p232,6,530519064,p232_074.wav;p232_075.wav;p232_076.wav;p232_077.wav;p232_078.wav;p232_079.wav;p232_080.wav;p232_081.wav,level,110,8,4.2278125
development_6_type,development,p232,6,530519064,p232_074.wav;p232_075.wav;p232_076.wav;p232_077.wav;p232_078.wav;p232_079.wav;p232_080.wav;p232_081.wav,type,110,8,4.2278125
development_6_onset,development,p232,6,530519064,p232_074.wav;p232_075.wav;p232_076.wav;p232_077.wav;p232_078.wav;p232_079.wav;p232_080.wav;p232_081.wav,onset,110,8,4.2278125
development_6_offset,development,p232,6,530519064,p232_074.wav;p232_075.wav;p232_076.wav;p232_077.wav;p232_078.wav;p232_079.wav;p232_080.wav;p232_081.wav,offset,110,8,4.2278125
development_6_type_pause,development,p232,6,530519064,p232_074.wav;p232_075.wav;p232_076.wav;p232_077.wav;p232_078.wav;p232_079.wav;p232_080.wav;p232_081.wav,type_pause,110,8,4.2278125
development_6_stationary_office,development,p232,6,530519064,p232_074.wav;p232_075.wav;p232_076.wav;p232_077.wav;p232_078.wav;p232_079.wav;p232_080.wav;p232_081.wav,stationary_office,110,8,NaN
development_6_stationary_traffic,development,p232,6,530519064,p232_074.wav;p232_075.wav;p232_076.wav;p232_077.wav;p232_078.wav;p232_079.wav;p232_080.wav;p232_081.wav,stationary_traffic,110,8,NaN
development_6_clean_control,development,p232,6,530519064,p232_074.wav;p232_075.wav;p232_076.wav;p232_077.wav;p232_078.wav;p232_079.wav;p232_080.wav;p232_081.wav,clean_control,110,8,NaN
