case_id,replicate,condition,method,is_change,hit,latency_s,penalised_latency_s,false_count,monitored_seconds,non_event_seconds
development_1_level,1,level,legacy_combined,1,1,1.086875,1.086875,10,7,5.5
development_1_type,1,type,legacy_combined,1,1,0.606875,0.606875,9,7,5.5
development_1_onset,1,onset,legacy_combined,1,1,1.086875,1.086875,7,7,5.5
development_1_offset,1,offset,legacy_combined,1,1,0.046875,0.046875,10,7,5.5
development_1_type_pause,1,type_pause,legacy_combined,1,1,0.022875,0.022875,9,7,5.5
development_1_stationary_office,1,stationary_office,legacy_combined,0,0,NaN,1.5,10,7,7
development_1_stationary_traffic,1,stationary_traffic,legacy_combined,0,0,NaN,1.5,9,7,7
development_1_clean_control,1,clean_control,legacy_combined,0,0,NaN,1.5,10,7,7
development_2_level,2,level,legacy_combined,1,1,0.9930625,0.9930625,7,7,5.5
development_2_type,2,type,legacy_combined,1,1,1.0170625,1.0170625,6,7,5.5
development_2_onset,2,onset,legacy_combined,1,1,1.0170625,1.0170625,6,7,5.5
development_2_offset,2,offset,legacy_combined,1,1,0.2490625,0.2490625,11,7,5.5
development_2_type_pause,2,type_pause,legacy_combined,1,1,1.0170625,1.0170625,6,7,5.5
development_2_stationary_office,2,stationary_office,legacy_combined,0,0,NaN,1.5,8,7,7
development_2_stationary_traffic,2,stationary_traffic,legacy_combined,0,0,NaN,1.5,9,7,7
development_2_clean_control,2,clean_control,legacy_combined,0,0,NaN,1.5,9,7,7
development_3_level,3,level,legacy_combined,1,1,0.40925,0.40925,9,7,5.5
development_3_type,3,type,legacy_combined,1,1,1.28925,1.28925,6,7,5.5
development_3_onset,3,onset,legacy_combined,1,1,1.28925,1.28925,6,7,5.5
development_3_offset,3,offset,legacy_combined,1,1,0.0492500000000002,0.0492500000000002,9,7,5.5
development_3_type_pause,3,type_pause,legacy_combined,1,1,0.0252500000000002,0.0252500000000002,7,7,5.5
development_3_stationary_office,3,stationary_office,legacy_combined,0,0,NaN,1.5,9,7,7
development_3_stationary_traffic,3,stationary_traffic,legacy_combined,0,0,NaN,1.5,8,7,7
development_3_clean_control,3,clean_control,legacy_combined,0,0,NaN,1.5,7,7,7
development_4_level,4,level,legacy_combined,1,1,0.6965625,0.6965625,5,7,5.5
development_4_type,4,type,legacy_combined,1,1,0.9525625,0.9525625,5,7,5.5
development_4_onset,4,onset,legacy_combined,1,1,0.9525625,0.9525625,3,7,5.5
development_4_offset,4,offset,legacy_combined,1,1,0.0725625000000001,0.0725625000000001,9,7,5.5
development_4_type_pause,4,type_pause,legacy_combined,1,1,0.9525625,0.9525625,5,7,5.5
development_4_stationary_office,4,stationary_office,legacy_combined,0,0,NaN,1.5,7,7,7
development_4_stationary_traffic,4,stationary_traffic,legacy_combined,0,0,NaN,1.5,6,7,7
development_4_clean_control,4,clean_control,legacy_combined,0,0,NaN,1.5,7,7,7
development_5_level,5,level,legacy_combined,1,1,1.240625,1.240625,6,7,5.5
development_5_type,5,type,legacy_combined,1,1,1.464625,1.464625,4,7,5.5
development_5_onset,5,onset,legacy_combined,1,1,1.464625,1.464625,5,7,5.5
development_5_offset,5,offset,legacy_combined,1,1,0.0326250000000003,0.0326250000000003,10,7,5.5
development_5_type_pause,5,type_pause,legacy_combined,1,1,1.464625,1.464625,4,7,5.5
development_5_stationary_office,5,stationary_office,legacy_combined,0,0,NaN,1.5,7,7,7
development_5_stationary_traffic,5,stationary_traffic,legacy_combined,0,0,NaN,1.5,8,7,7
development_5_clean_control,5,clean_control,legacy_combined,0,0,NaN,1.5,9,7,7
development_6_level,6,level,legacy_combined,1,1,1.4281875,1.4281875,7,7,5.5
development_6_type,6,type,legacy_combined,1,1,1.4921875,1.4921875,6,7,5.5
development_6_onset,6,onset,legacy_combined,1,1,1.4921875,1.4921875,5,7,5.5
development_6_offset,6,offset,legacy_combined,1,1,0.0361875000000005,0.0361875000000005,9,7,5.5
development_6_type_pause,6,type_pause,legacy_combined,1,1,1.4921875,1.4921875,6,7,5.5
development_6_stationary_office,6,stationary_office,legacy_combined,0,0,NaN,1.5,8,7,7
development_6_stationary_traffic,6,stationary_traffic,legacy_combined,0,0,NaN,1.5,8,7,7
development_6_clean_control,6,clean_control,legacy_combined,0,0,NaN,1.5,8,7,7
development_1_level,1,level,revised,1,1,0.0948749999999996,0.0948749999999996,4,7,5.5
development_1_type,1,type,revised,1,1,0.102875,0.102875,2,7,5.5
development_1_onset,1,onset,revised,1,1,0.230875,0.230875,4,7,5.5
development_1_offset,1,offset,revised,1,1,0.254875,0.254875,7,7,5.5
development_1_type_pause,1,type_pause,revised,1,1,0.222875,0.222875,2,7,5.5
development_1_stationary_office,1,stationary_office,revised,0,0,NaN,1.5,4,7,7
development_1_stationary_traffic,1,stationary_traffic,revised,0,0,NaN,1.5,1,7,7
development_1_clean_control,1,clean_control,revised,0,0,NaN,1.5,11,7,7
development_2_level,2,level,revised,1,1,0.1770625,0.1770625,6,7,5.5
development_2_type,2,type,revised,1,1,0.1770625,0.1770625,1,7,5.5
development_2_onset,2,onset,revised,1,1,0.1690625,0.1690625,5,7,5.5
development_2_offset,2,offset,revised,1,1,0.1850625,0.1850625,9,7,5.5
development_2_type_pause,2,type_pause,revised,1,1,0.1930625,0.1930625,2,7,5.5
development_2_stationary_office,2,stationary_office,revised,0,0,NaN,1.5,4,7,7
development_2_stationary_traffic,2,stationary_traffic,revised,0,0,NaN,1.5,0,7,7
development_2_clean_control,2,clean_control,revised,0,0,NaN,1.5,14,7,7
development_3_level,3,level,revised,1,1,0.20925,0.20925,4,7,5.5
development_3_type,3,type,revised,1,1,0.21725,0.21725,2,7,5.5
development_3_onset,3,onset,revised,1,1,0.18525,0.18525,5,7,5.5
development_3_offset,3,offset,revised,1,1,0.20125,0.20125,8,7,5.5
development_3_type_pause,3,type_pause,revised,1,1,0.22525,0.22525,1,7,5.5
development_3_stationary_office,3,stationary_office,revised,0,0,NaN,1.5,3,7,7
development_3_stationary_traffic,3,stationary_traffic,revised,0,0,NaN,1.5,0,7,7
development_3_clean_control,3,clean_control,revised,0,0,NaN,1.5,14,7,7
development_4_level,4,level,revised,1,0,NaN,1.5,5,7,5.5
development_4_type,4,type,revised,1,1,0.2485625,0.2485625,2,7,5.5
development_4_onset,4,onset,revised,1,1,0.2245625,0.2245625,5,7,5.5
development_4_offset,4,offset,revised,1,1,0.2005625,0.2005625,9,7,5.5
development_4_type_pause,4,type_pause,revised,1,1,0.1925625,0.1925625,2,7,5.5
development_4_stationary_office,4,stationary_office,revised,0,0,NaN,1.5,4,7,7
development_4_stationary_traffic,4,stationary_traffic,revised,0,0,NaN,1.5,0,7,7
development_4_clean_control,4,clean_control,revised,0,0,NaN,1.5,13,7,7
development_5_level,5,level,revised,1,1,1.448625,1.448625,5,7,5.5
development_5_type,5,type,revised,1,1,0.192625,0.192625,1,7,5.5
development_5_onset,5,onset,revised,1,1,0.0806250000000004,0.0806250000000004,4,7,5.5
development_5_offset,5,offset,revised,1,1,0.0966250000000004,0.0966250000000004,8,7,5.5
development_5_type_pause,5,type_pause,revised,1,1,0.192625,0.192625,2,7,5.5
development_5_stationary_office,5,stationary_office,revised,0,0,NaN,1.5,4,7,7
development_5_stationary_traffic,5,stationary_traffic,revised,0,0,NaN,1.5,0,7,7
development_5_clean_control,5,clean_control,revised,0,0,NaN,1.5,13,7,7
development_6_level,6,level,revised,1,1,0.0841875000000005,0.0841875000000005,6,7,5.5
development_6_type,6,type,revised,1,1,0.0841875000000005,0.0841875000000005,3,7,5.5
development_6_onset,6,onset,revised,1,1,0.0841875000000005,0.0841875000000005,5,7,5.5
development_6_offset,6,offset,revised,1,1,0.204187500000001,0.204187500000001,7,7,5.5
development_6_type_pause,6,type_pause,revised,1,1,0.188187500000001,0.188187500000001,3,7,5.5
development_6_stationary_office,6,stationary_office,revised,0,0,NaN,1.5,5,7,7
development_6_stationary_traffic,6,stationary_traffic,revised,0,0,NaN,1.5,0,7,7
development_6_clean_control,6,clean_control,revised,0,0,NaN,1.5,12,7,7
development_1_level,1,level,floor_without_speech_gate,1,1,0.070875,0.070875,4,7,5.5
development_1_type,1,type,floor_without_speech_gate,1,1,0.0948749999999996,0.0948749999999996,3,7,5.5
development_1_onset,1,onset,floor_without_speech_gate,1,1,0.230875,0.230875,5,7,5.5
development_1_offset,1,offset,floor_without_speech_gate,1,1,0.254875,0.254875,7,7,5.5
development_1_type_pause,1,type_pause,floor_without_speech_gate,1,1,0.222875,0.222875,3,7,5.5
development_1_stationary_office,1,stationary_office,floor_without_speech_gate,0,0,NaN,1.5,4,7,7
development_1_stationary_traffic,1,stationary_traffic,floor_without_speech_gate,0,0,NaN,1.5,1,7,7
development_1_clean_control,1,clean_control,floor_without_speech_gate,0,0,NaN,1.5,11,7,7
development_2_level,2,level,floor_without_speech_gate,1,1,0.1850625,0.1850625,7,7,5.5
development_2_type,2,type,floor_without_speech_gate,1,1,0.1770625,0.1770625,1,7,5.5
development_2_onset,2,onset,floor_without_speech_gate,1,1,0.1690625,0.1690625,5,7,5.5
development_2_offset,2,offset,floor_without_speech_gate,1,1,0.1850625,0.1850625,11,7,5.5
development_2_type_pause,2,type_pause,floor_without_speech_gate,1,1,0.1930625,0.1930625,2,7,5.5
development_2_stationary_office,2,stationary_office,floor_without_speech_gate,0,0,NaN,1.5,4,7,7
development_2_stationary_traffic,2,stationary_traffic,floor_without_speech_gate,0,0,NaN,1.5,0,7,7
development_2_clean_control,2,clean_control,floor_without_speech_gate,0,0,NaN,1.5,16,7,7
development_3_level,3,level,floor_without_speech_gate,1,1,0.20125,0.20125,6,7,5.5
development_3_type,3,type,floor_without_speech_gate,1,1,0.21725,0.21725,2,7,5.5
development_3_onset,3,onset,floor_without_speech_gate,1,1,0.16125,0.16125,5,7,5.5
development_3_offset,3,offset,floor_without_speech_gate,1,1,0.20125,0.20125,9,7,5.5
development_3_type_pause,3,type_pause,floor_without_speech_gate,1,1,0.22525,0.22525,1,7,5.5
development_3_stationary_office,3,stationary_office,floor_without_speech_gate,0,0,NaN,1.5,4,7,7
development_3_stationary_traffic,3,stationary_traffic,floor_without_speech_gate,0,0,NaN,1.5,0,7,7
development_3_clean_control,3,clean_control,floor_without_speech_gate,0,0,NaN,1.5,15,7,7
development_4_level,4,level,floor_without_speech_gate,1,0,NaN,1.5,6,7,5.5
development_4_type,4,type,floor_without_speech_gate,1,1,0.2485625,0.2485625,2,7,5.5
development_4_onset,4,onset,floor_without_speech_gate,1,1,0.2245625,0.2245625,6,7,5.5
development_4_offset,4,offset,floor_without_speech_gate,1,1,0.1925625,0.1925625,10,7,5.5
development_4_type_pause,4,type_pause,floor_without_speech_gate,1,1,0.1925625,0.1925625,2,7,5.5
development_4_stationary_office,4,stationary_office,floor_without_speech_gate,0,0,NaN,1.5,4,7,7
development_4_stationary_traffic,4,stationary_traffic,floor_without_speech_gate,0,0,NaN,1.5,1,7,7
development_4_clean_control,4,clean_control,floor_without_speech_gate,0,0,NaN,1.5,14,7,7
development_5_level,5,level,floor_without_speech_gate,1,1,1.440625,1.440625,5,7,5.5
development_5_type,5,type,floor_without_speech_gate,1,1,0.192625,0.192625,1,7,5.5
development_5_onset,5,onset,floor_without_speech_gate,1,1,0.248625,0.248625,5,7,5.5
development_5_offset,5,offset,floor_without_speech_gate,1,1,0.0966250000000004,0.0966250000000004,9,7,5.5
development_5_type_pause,5,type_pause,floor_without_speech_gate,1,1,0.192625,0.192625,2,7,5.5
development_5_stationary_office,5,stationary_office,floor_without_speech_gate,0,0,NaN,1.5,4,7,7
development_5_stationary_traffic,5,stationary_traffic,floor_without_speech_gate,0,0,NaN,1.5,0,7,7
development_5_clean_control,5,clean_control,floor_without_speech_gate,0,0,NaN,1.5,15,7,7
development_6_level,6,level,floor_without_speech_gate,1,1,0.132187500000001,0.132187500000001,7,7,5.5
development_6_type,6,type,floor_without_speech_gate,1,1,0.0841875000000005,0.0841875000000005,3,7,5.5
development_6_onset,6,onset,floor_without_speech_gate,1,1,0.0841875000000005,0.0841875000000005,6,7,5.5
development_6_offset,6,offset,floor_without_speech_gate,1,1,0.204187500000001,0.204187500000001,7,7,5.5
development_6_type_pause,6,type_pause,floor_without_speech_gate,1,1,0.188187500000001,0.188187500000001,3,7,5.5
development_6_stationary_office,6,stationary_office,floor_without_speech_gate,0,0,NaN,1.5,5,7,7
development_6_stationary_traffic,6,stationary_traffic,floor_without_speech_gate,0,0,NaN,1.5,0,7,7
development_6_clean_control,6,clean_control,floor_without_speech_gate,0,0,NaN,1.5,13,7,7
