case_id,replicate,condition,system,whole_si_sdr_db,stoi,transition_si_sdr_db,evaluation_runtime_s
development_1_level,1,level,noisy,2.35672277585658,0.935246959917321,3.39188764968331,0.0001511
development_1_level,1,level,fixed,5.88872811178988,0.928337108323756,6.20213134664028,0.1995035
development_1_level,1,level,snr,4.19722161698541,0.930630095296667,4.81261718783141,0.1440198
development_1_level,1,level,legacy_combined,5.26475919017511,0.920141282981537,4.54316473794482,0.089562
development_1_level,1,level,revised,6.29259301504176,0.926576345747494,4.70234035895657,0.0976721
development_1_level,1,level,oracle,7.75354323390306,0.925219254930872,6.65382676114466,0.120117
development_1_type,1,type,noisy,-0.953986270517714,0.863532421126258,5.2149105286086,0.0001621
development_1_type,1,type,fixed,1.61650484873643,0.856505654991103,12.027793446295,0.1157063
development_1_type,1,type,snr,1.35780124142733,0.85758230080742,10.2906133945728,0.1066677
development_1_type,1,type,legacy_combined,2.27523354520892,0.85872314001824,10.4715838703934,0.0809125
development_1_type,1,type,revised,1.62247498549746,0.851163525377443,9.67574133833056,0.0751479
development_1_type,1,type,oracle,1.22586794472711,0.85354956066599,10.2226584968626,0.1062476
development_1_onset,1,onset,noisy,1.13470772142787,0.914251439885173,5.2149105286086,0.0003173
development_1_onset,1,onset,fixed,1.13470772142039,0.914251439885053,5.21491052860195,0.1215345
development_1_onset,1,onset,snr,1.13470772142039,0.914251439885053,5.21491052860195,0.1140482
development_1_onset,1,onset,legacy_combined,1.13470772142773,0.914251439885167,5.21491052860864,0.0843364
development_1_onset,1,onset,revised,1.13470772142774,0.914251439885169,5.21491052860861,0.0805983
development_1_onset,1,onset,oracle,1.13470772142169,0.914251439885023,5.21491052860817,0.1136187
development_1_offset,1,offset,noisy,6.28019433847213,0.939625906650017,NaN,0.0002289
development_1_offset,1,offset,fixed,7.57774071721177,0.909588212041493,14.0756501455288,0.1044646
development_1_offset,1,offset,snr,7.8805311923847,0.915890679298091,12.728589159918,0.1044227
development_1_offset,1,offset,legacy_combined,9.88300408731203,0.925203843873277,19.5802412335729,0.0728639
development_1_offset,1,offset,revised,9.44415733123349,0.916635750319242,20.5646289800629,0.0747589
development_1_offset,1,offset,oracle,7.44496739505021,0.908580249818271,12.0584176307627,0.1042238
development_1_type_pause,1,type_pause,noisy,-1.56248165258916,0.857193118312247,2.00316959178957,0.0003212
development_1_type_pause,1,type_pause,fixed,1.0688507871458,0.851452939525488,9.30386576772681,0.1047757
development_1_type_pause,1,type_pause,snr,0.877655892040047,0.853208624387178,7.54502780464883,0.1050961
development_1_type_pause,1,type_pause,legacy_combined,1.5045069360474,0.853007022028253,7.17312022661644,0.0739599
development_1_type_pause,1,type_pause,revised,1.01149981035353,0.844534611590169,6.20505935869697,0.07605
development_1_type_pause,1,type_pause,oracle,0.409524122588967,0.848495152183745,6.7198752242727,0.1084987
development_1_stationary_office,1,stationary_office,noisy,-0.0277280998870964,0.908170729970798,NaN,0.0002234
development_1_stationary_office,1,stationary_office,fixed,3.65959719024096,0.887097366063942,NaN,0.1141756
development_1_stationary_office,1,stationary_office,snr,3.09318271209286,0.89539333891157,NaN,0.1108392
development_1_stationary_office,1,stationary_office,legacy_combined,3.23135216011317,0.894637629065831,NaN,0.0873389
development_1_stationary_office,1,stationary_office,revised,2.97781416913987,0.88423683312899,NaN,0.0818554
development_1_stationary_office,1,stationary_office,oracle,3.65959719024096,0.887097366063942,NaN,0.1058048
development_1_stationary_traffic,1,stationary_traffic,noisy,-0.0196925673326085,0.854561122377936,NaN,0.0002047
development_1_stationary_traffic,1,stationary_traffic,fixed,2.76562969971421,0.846122213160644,NaN,0.1047692
development_1_stationary_traffic,1,stationary_traffic,snr,2.51752559874415,0.848045312559863,NaN,0.1171172
development_1_stationary_traffic,1,stationary_traffic,legacy_combined,4.00057673599797,0.848458293033344,NaN,0.0758222
development_1_stationary_traffic,1,stationary_traffic,revised,3.0634193115405,0.84280615999976,NaN,0.0793017
development_1_stationary_traffic,1,stationary_traffic,oracle,2.76562969971421,0.846122213160644,NaN,0.1074912
development_1_clean_control,1,clean_control,noisy,NaN,1,NaN,0.0002265
development_1_clean_control,1,clean_control,fixed,NaN,1,NaN,0.131536
development_1_clean_control,1,clean_control,snr,NaN,1,NaN,0.1117564
development_1_clean_control,1,clean_control,legacy_combined,NaN,1,NaN,0.0884745
development_1_clean_control,1,clean_control,revised,NaN,1,NaN,0.0918522
development_1_clean_control,1,clean_control,oracle,NaN,1,NaN,0.1125223
development_2_level,2,level,noisy,1.78980890143995,0.885743820295335,-4.42183684312703,0.0002009
development_2_level,2,level,fixed,4.33538113343483,0.890067923628737,-2.41721892479579,0.1057966
development_2_level,2,level,snr,3.8523401382872,0.88769798332443,-3.30489670448804,0.1051364
development_2_level,2,level,legacy_combined,6.05298214546434,0.887769909817829,-3.43122393429272,0.073701
development_2_level,2,level,revised,5.2444013126046,0.887468506002786,-2.13940697375608,0.0737046
development_2_level,2,level,oracle,5.25426585642149,0.890971947378098,-1.70895507398841,0.1092102
development_2_type,2,type,noisy,0.926027699179124,0.824285107514444,-4.28140094284422,0.0001993
development_2_type,2,type,fixed,4.72236762303521,0.819609276311975,-2.37294134108635,0.1052113
development_2_type,2,type,snr,4.3031084817675,0.818046354741215,-2.57618967163906,0.1047913
development_2_type,2,type,legacy_combined,4.01268823025205,0.812120957618343,-2.55139577554251,0.0748063
development_2_type,2,type,revised,4.13066433018918,0.821091904696111,-2.41809971874364,0.0738654
development_2_type,2,type,oracle,5.16806684644328,0.826263439632663,-0.0460940511949172,0.1061428
development_2_onset,2,onset,noisy,3.63687534004857,0.826329888176823,-4.28140094284422,0.0002043
development_2_onset,2,onset,fixed,3.63687534003374,0.826329888176619,-4.28140094301781,0.1118072
development_2_onset,2,onset,snr,3.63687534003374,0.826329888176619,-4.28140094301781,0.1101134
development_2_onset,2,onset,legacy_combined,3.63687534004163,0.826329888176671,-4.28140094301763,0.0819337
development_2_onset,2,onset,revised,3.63687534004923,0.826329888176788,-4.28140094285425,0.0807771
development_2_onset,2,onset,oracle,3.63687534003837,0.82632988817676,-4.28140094286077,0.1121898
development_2_offset,2,offset,noisy,2.48304930782637,0.966268291126776,NaN,0.0002741
development_2_offset,2,offset,fixed,2.53020462804624,0.935353866156215,7.10683518375727,0.1045754
development_2_offset,2,offset,snr,4.12161656173776,0.945343240363934,7.47682034996904,0.1041189
development_2_offset,2,offset,legacy_combined,5.28361954064032,0.951924750938913,7.16815631463276,0.0796733
development_2_offset,2,offset,revised,4.65311736462192,0.951691462714396,7.02687275193358,0.0753332
development_2_offset,2,offset,oracle,3.3958665157729,0.93613839957052,6.58454980774384,0.1049712
development_2_type_pause,2,type_pause,noisy,0.744133428566664,0.819419922149947,-26.8614741467004,0.0002586
development_2_type_pause,2,type_pause,fixed,4.66102362460079,0.819556741498226,-33.2073476863689,0.1030643
development_2_type_pause,2,type_pause,snr,4.26021885627579,0.818523102788007,-33.8047166488458,0.1050104
development_2_type_pause,2,type_pause,legacy_combined,3.99880909934558,0.814226853990118,-32.2350955781025,0.0722497
development_2_type_pause,2,type_pause,revised,3.86012150833807,0.821102615523128,-36.5332861913061,0.0738779
development_2_type_pause,2,type_pause,oracle,4.79981411462297,0.8226954563777,-36.5025306513953,0.1041834
development_2_stationary_office,2,stationary_office,noisy,-0.0155774041540426,0.883877957761358,NaN,0.0002042
development_2_stationary_office,2,stationary_office,fixed,4.66559114449303,0.88538790159986,NaN,0.1034226
development_2_stationary_office,2,stationary_office,snr,3.52933655850334,0.879353752888977,NaN,0.1042236
development_2_stationary_office,2,stationary_office,legacy_combined,4.18640933783727,0.881798186354807,NaN,0.0735483
development_2_stationary_office,2,stationary_office,revised,3.32241010658778,0.878149884347048,NaN,0.0732774
development_2_stationary_office,2,stationary_office,oracle,4.66559114449303,0.88538790159986,NaN,0.1033739
development_2_stationary_traffic,2,stationary_traffic,noisy,0.0267149896634367,0.796124381869192,NaN,0.0002134
development_2_stationary_traffic,2,stationary_traffic,fixed,2.08391508509812,0.795759485627874,NaN,0.1047477
development_2_stationary_traffic,2,stationary_traffic,snr,2.32277213849116,0.786076237558864,NaN,0.1098769
development_2_stationary_traffic,2,stationary_traffic,legacy_combined,2.59317181838122,0.790270909668581,NaN,0.0730904
development_2_stationary_traffic,2,stationary_traffic,revised,2.08391508509812,0.795759485627874,NaN,0.0733744
development_2_stationary_traffic,2,stationary_traffic,oracle,2.08391508509812,0.795759485627874,NaN,0.1058562
development_2_clean_control,2,clean_control,noisy,NaN,1,NaN,0.0002396
development_2_clean_control,2,clean_control,fixed,NaN,1,NaN,0.1127963
development_2_clean_control,2,clean_control,snr,NaN,1,NaN,0.1091237
development_2_clean_control,2,clean_control,legacy_combined,NaN,1,NaN,0.0818175
development_2_clean_control,2,clean_control,revised,NaN,1,NaN,0.0825413
development_2_clean_control,2,clean_control,oracle,NaN,1,NaN,0.1100789
development_3_level,3,level,noisy,1.82378015129076,0.912346073247225,-2.17336297018115,0.0001981
development_3_level,3,level,fixed,3.40266179507124,0.912055739251164,-0.534912324000152,0.1041901
development_3_level,3,level,snr,3.25975434279159,0.911444806320428,-0.651891784778335,0.1036316
development_3_level,3,level,legacy_combined,6.12607952094148,0.911451141482052,-0.641030743196066,0.0743215
development_3_level,3,level,revised,5.32207432900905,0.913309274827452,0.0687067452881018,0.0766822
development_3_level,3,level,oracle,4.66031926647551,0.913107786200048,0.4720974890312,0.102239
development_3_type,3,type,noisy,1.75241125774834,0.867214668934431,-0.579611911807918,0.0002052
development_3_type,3,type,fixed,6.45411453851163,0.866210180407354,3.57817491710621,0.105105
development_3_type,3,type,snr,6.17821704690505,0.865388092202192,3.42993505679818,0.105419
development_3_type,3,type,legacy_combined,5.88832997366837,0.87403171628842,3.99832464019135,0.0744499
development_3_type,3,type,revised,5.6323521908382,0.86679487087363,4.35289260756944,0.0752275
development_3_type,3,type,oracle,6.36438736751662,0.869056260130098,4.3093381046903,0.1074782
development_3_onset,3,onset,noisy,5.37399941906228,0.877728922549085,-0.579611911807918,0.0002078
development_3_onset,3,onset,fixed,5.37399941904366,0.877728922548977,-0.579611911808961,0.1095747
development_3_onset,3,onset,snr,5.37399941904366,0.877728922548977,-0.579611911808961,0.1092869
development_3_onset,3,onset,legacy_combined,5.3739994190581,0.87772892254907,-0.579611911807915,0.0820682
development_3_onset,3,onset,revised,5.37399941905372,0.87772892254906,-0.579611911807904,0.0828423
development_3_onset,3,onset,oracle,5.37399941904369,0.877728922548991,-0.579611911807966,0.1096027
development_3_offset,3,offset,noisy,1.47018771773988,0.961974838710181,NaN,0.0003274
development_3_offset,3,offset,fixed,1.99917432773124,0.932916109429011,13.3012413341252,0.1065984
development_3_offset,3,offset,snr,3.51383972462285,0.943956707125154,15.4444811630647,0.1048319
development_3_offset,3,offset,legacy_combined,4.96106140570927,0.947799929139433,11.946479277127,0.0728651
development_3_offset,3,offset,revised,4.29642412862021,0.94198231390287,12.4286029502227,0.0727061
development_3_offset,3,offset,oracle,2.65587554709812,0.937663647049992,8.73678818919126,0.1056164
development_3_type_pause,3,type_pause,noisy,1.19794594616849,0.865987532396207,-32.5149436828354,0.0002057
development_3_type_pause,3,type_pause,fixed,5.98823715984921,0.863560171377108,-26.5792370641568,0.1204569
development_3_type_pause,3,type_pause,snr,5.68808884153248,0.863097240064552,-26.5962892155021,0.1156349
development_3_type_pause,3,type_pause,legacy_combined,5.30991969139398,0.872935627559017,-37.6647125035064,0.0734001
development_3_type_pause,3,type_pause,revised,5.30686650940242,0.861040190106391,-32.4903504466996,0.073099
development_3_type_pause,3,type_pause,oracle,5.54895921249579,0.86540230508664,-40.2470077579268,0.1048413
development_3_stationary_office,3,stationary_office,noisy,0.01298842497912,0.90913084745205,NaN,0.0002115
development_3_stationary_office,3,stationary_office,fixed,4.52353598265827,0.909404112337868,NaN,0.1052054
development_3_stationary_office,3,stationary_office,snr,4.13877052595609,0.90942964321782,NaN,0.1035008
development_3_stationary_office,3,stationary_office,legacy_combined,4.96652596025726,0.912705155810964,NaN,0.0722367
development_3_stationary_office,3,stationary_office,revised,3.61090675661986,0.904606932693352,NaN,0.0732718
development_3_stationary_office,3,stationary_office,oracle,4.52353598265827,0.909404112337868,NaN,0.1036213
development_3_stationary_traffic,3,stationary_traffic,noisy,-0.0122682927761205,0.843096612983385,NaN,0.0001958
development_3_stationary_traffic,3,stationary_traffic,fixed,1.60872915084137,0.843803381966892,NaN,0.1022878
development_3_stationary_traffic,3,stationary_traffic,snr,1.93667794697881,0.836860121848898,NaN,0.1127265
development_3_stationary_traffic,3,stationary_traffic,legacy_combined,3.20941229328181,0.854064571614547,NaN,0.0736499
development_3_stationary_traffic,3,stationary_traffic,revised,1.60872915084137,0.843803381966892,NaN,0.0731103
development_3_stationary_traffic,3,stationary_traffic,oracle,1.60872915084137,0.843803381966892,NaN,0.1065296
development_3_clean_control,3,clean_control,noisy,NaN,1,NaN,0.0001923
development_3_clean_control,3,clean_control,fixed,NaN,1,NaN,0.1087575
development_3_clean_control,3,clean_control,snr,NaN,1,NaN,0.1128398
development_3_clean_control,3,clean_control,legacy_combined,NaN,1,NaN,0.0814918
development_3_clean_control,3,clean_control,revised,NaN,1,NaN,0.0803103
development_3_clean_control,3,clean_control,oracle,NaN,1,NaN,0.1098938
development_4_level,4,level,noisy,1.58375760954656,0.899193534432192,2.43508868472233,0.0002055
development_4_level,4,level,fixed,3.32546342594094,0.90239042481724,5.01673203676046,0.1047991
development_4_level,4,level,snr,3.41601716839448,0.904841163631304,5.08935437849639,0.1046067
development_4_level,4,level,legacy_combined,4.51398865437194,0.91232160566659,4.10025522231488,0.0740668
development_4_level,4,level,revised,3.51996352133537,0.904605791168591,4.5209637245342,0.0763432
development_4_level,4,level,oracle,4.38006991293878,0.904081188195732,6.19900215971498,0.1505083
development_4_type,4,type,noisy,-0.319696136847003,0.769950176750711,3.48147435928065,0.0002578
development_4_type,4,type,fixed,2.64049243628982,0.764116979805648,7.82392908367551,0.1263272
development_4_type,4,type,snr,2.56896684740209,0.769066658072599,7.73789211319217,0.1059612
development_4_type,4,type,legacy_combined,3.56188501495908,0.782737045637418,7.04148470982909,0.0725857
development_4_type,4,type,revised,2.83149955190823,0.765477428196379,6.58861810034296,0.0743178
development_4_type,4,type,oracle,2.36691763147182,0.765539111593377,7.14829951210546,0.1040284
development_4_onset,4,onset,noisy,1.32727468869,0.796544549272483,3.48147435928065,0.0002202
development_4_onset,4,onset,fixed,1.32727468866389,0.796544549272352,3.48147435928076,0.119394
development_4_onset,4,onset,snr,1.32727468866389,0.796544549272352,3.48147435928076,0.1211728
development_4_onset,4,onset,legacy_combined,1.3272746886849,0.796544549272474,3.48147435928072,0.0813059
development_4_onset,4,onset,revised,1.32727468868527,0.796544549272483,3.48147435928066,0.0812053
development_4_onset,4,onset,oracle,1.32727468866388,0.796544549272347,3.48147435928066,0.1118878
development_4_offset,4,offset,noisy,5.7253633657497,0.959537812352484,NaN,0.0001957
development_4_offset,4,offset,fixed,7.24526204540986,0.931009263869669,17.0628820941227,0.1054339
development_4_offset,4,offset,snr,7.74304516101944,0.935164056015179,15.2381320100967,0.1032769
development_4_offset,4,offset,legacy_combined,7.55700604187268,0.932354725763046,8.3151450375224,0.0715619
development_4_offset,4,offset,revised,7.84142511774619,0.933162767877634,14.5466578564972,0.0747428
development_4_offset,4,offset,oracle,6.95892314460214,0.929728772167955,14.1052016236859,0.1054089
development_4_type_pause,4,type_pause,noisy,-0.77020044086937,0.75922976310776,1.35593741201637,0.0002158
development_4_type_pause,4,type_pause,fixed,2.13675619680972,0.752462376690065,5.95221275138663,0.1055915
development_4_type_pause,4,type_pause,snr,1.86648020945286,0.757245557410543,5.58987542947201,0.1041716
development_4_type_pause,4,type_pause,legacy_combined,3.03906293425454,0.769780774023493,4.63495395442185,0.0725948
development_4_type_pause,4,type_pause,revised,1.92463316798623,0.752612858122799,4.77967794690658,0.0752267
development_4_type_pause,4,type_pause,oracle,1.79611641939976,0.755445789585486,4.91767256783123,0.1093582
development_4_stationary_office,4,stationary_office,noisy,0.00390378727721085,0.890162598771192,NaN,0.000157
development_4_stationary_office,4,stationary_office,fixed,4.57207586874523,0.890710252111831,NaN,0.1047432
development_4_stationary_office,4,stationary_office,snr,4.28797967870483,0.89207605955494,NaN,0.1044977
development_4_stationary_office,4,stationary_office,legacy_combined,4.15023879963534,0.902933012498865,NaN,0.0753637
development_4_stationary_office,4,stationary_office,revised,2.8922082628657,0.882435585559073,NaN,0.0743934
development_4_stationary_office,4,stationary_office,oracle,4.57207586874523,0.890710252111831,NaN,0.1075822
development_4_stationary_traffic,4,stationary_traffic,noisy,-0.0350088911477968,0.759831139021355,NaN,0.0001936
development_4_stationary_traffic,4,stationary_traffic,fixed,3.21399983534977,0.759692732340849,NaN,0.1057992
development_4_stationary_traffic,4,stationary_traffic,snr,3.11041342802531,0.76380085217053,NaN,0.104488
development_4_stationary_traffic,4,stationary_traffic,legacy_combined,3.18001445392423,0.760129258379367,NaN,0.0745554
development_4_stationary_traffic,4,stationary_traffic,revised,3.21399983534977,0.759692732340849,NaN,0.0741501
development_4_stationary_traffic,4,stationary_traffic,oracle,3.21399983534977,0.759692732340849,NaN,0.1029626
development_4_clean_control,4,clean_control,noisy,NaN,1,NaN,0.0002172
development_4_clean_control,4,clean_control,fixed,NaN,1,NaN,0.1135449
development_4_clean_control,4,clean_control,snr,NaN,1,NaN,0.1137223
development_4_clean_control,4,clean_control,legacy_combined,NaN,1,NaN,0.080691
development_4_clean_control,4,clean_control,revised,NaN,1,NaN,0.0812866
development_4_clean_control,4,clean_control,oracle,NaN,1,NaN,0.1127025
development_5_level,5,level,noisy,2.29534586496089,0.927539572356568,-6.7817613420707,0.0001958
development_5_level,5,level,fixed,5.12279109684028,0.926495082054363,-4.45671939358768,0.104776
development_5_level,5,level,snr,4.57107160345053,0.926825060123489,-4.79267093832614,0.1051391
development_5_level,5,level,legacy_combined,5.0896696700449,0.921378439537368,-6.62657633353739,0.0739383
development_5_level,5,level,revised,4.63378320649963,0.921674215169586,-6.54171071608578,0.072145
development_5_level,5,level,oracle,6.62045621819672,0.925913082948043,-2.98897469994402,0.1043382
development_5_type,5,type,noisy,-0.578689165216227,0.855023135738508,-7.68759434928003,0.0002208
development_5_type,5,type,fixed,2.62839624919667,0.851185875523553,-5.50050065424127,0.1048032
development_5_type,5,type,snr,2.27592508902561,0.852289673939064,-5.63578915872879,0.1057874
development_5_type,5,type,legacy_combined,2.07231916757881,0.848054311273743,-5.90334095029132,0.0733373
development_5_type,5,type,revised,2.63219177032379,0.849613087600379,-4.87351380609579,0.0742056
development_5_type,5,type,oracle,2.91680886149706,0.850389567579139,-4.82372892679616,0.1039884
development_5_onset,5,onset,noisy,1.65619022785375,0.868342832573588,-7.68759434928003,0.0002073
development_5_onset,5,onset,fixed,1.65619022785027,0.868342832573547,-7.68759434928139,0.1127518
development_5_onset,5,onset,snr,1.65619022785027,0.868342832573547,-7.68759434928139,0.1105795
development_5_onset,5,onset,legacy_combined,1.65619022785319,0.86834283257359,-7.68759434928028,0.0821481
development_5_onset,5,onset,revised,1.65619022785325,0.868342832573589,-7.68759434928007,0.081548
development_5_onset,5,onset,oracle,1.65619022785028,0.868342832573544,-7.68759434928006,0.112804
development_5_offset,5,offset,noisy,5.04413642606391,0.952276857965522,NaN,0.0002047
development_5_offset,5,offset,fixed,6.2775693263565,0.924276816151614,5.93035549949741,0.1037499
development_5_offset,5,offset,snr,7.15898459099448,0.931110666705053,7.0092637923927,0.1029647
development_5_offset,5,offset,legacy_combined,8.31107366045966,0.94303518059367,11.4963715908595,0.0773368
development_5_offset,5,offset,revised,7.67172435479193,0.935681546653729,9.46656333950158,0.073512
development_5_offset,5,offset,oracle,6.93293400022044,0.927331052117603,10.897953612353,0.1060602
development_5_type_pause,5,type_pause,noisy,-0.845583915515097,0.850070423781308,-16.1173493032232,0.000209
development_5_type_pause,5,type_pause,fixed,2.40330770945516,0.845224036251062,-14.5062119071513,0.1044734
development_5_type_pause,5,type_pause,snr,1.98311550477188,0.84614545839019,-14.6410652911419,0.1040457
development_5_type_pause,5,type_pause,legacy_combined,1.83571127266384,0.841987274092529,-14.861340249859,0.0738821
development_5_type_pause,5,type_pause,revised,2.51770636699464,0.835738972053716,-13.5491974928127,0.0742781
development_5_type_pause,5,type_pause,oracle,2.58900223053407,0.845614737616636,-14.3162216874418,0.1037164
development_5_stationary_office,5,stationary_office,noisy,-0.00948494192115452,0.923002497133306,NaN,0.0002051
development_5_stationary_office,5,stationary_office,fixed,5.35064689734246,0.915745982984836,NaN,0.1045062
development_5_stationary_office,5,stationary_office,snr,4.36368845701358,0.914832093939897,NaN,0.1031801
development_5_stationary_office,5,stationary_office,legacy_combined,4.00090947805095,0.911783866629014,NaN,0.0744144
development_5_stationary_office,5,stationary_office,revised,3.77650151089776,0.909068933869639,NaN,0.0737594
development_5_stationary_office,5,stationary_office,oracle,5.35064689734246,0.915745982984836,NaN,0.1036696
development_5_stationary_traffic,5,stationary_traffic,noisy,0.0353744425825797,0.824618584244872,NaN,0.0001926
development_5_stationary_traffic,5,stationary_traffic,fixed,2.61989557952299,0.815393664389539,NaN,0.1044318
development_5_stationary_traffic,5,stationary_traffic,snr,2.41059634494862,0.814547961796354,NaN,0.1031809
development_5_stationary_traffic,5,stationary_traffic,legacy_combined,3.08631668120338,0.821884779770582,NaN,0.0735961
development_5_stationary_traffic,5,stationary_traffic,revised,2.61989557952299,0.815393664389539,NaN,0.0737717
development_5_stationary_traffic,5,stationary_traffic,oracle,2.61989557952299,0.815393664389539,NaN,0.10335
development_5_clean_control,5,clean_control,noisy,NaN,1,NaN,0.0001999
development_5_clean_control,5,clean_control,fixed,NaN,1,NaN,0.1113085
development_5_clean_control,5,clean_control,snr,NaN,1,NaN,0.1102858
development_5_clean_control,5,clean_control,legacy_combined,NaN,1,NaN,0.0811343
development_5_clean_control,5,clean_control,revised,NaN,1,NaN,0.0797774
development_5_clean_control,5,clean_control,oracle,NaN,1,NaN,0.108649
development_6_level,6,level,noisy,3.05693446902559,0.883845353106773,3.63360310715493,0.0001997
development_6_level,6,level,fixed,4.66017262932859,0.883725347606091,7.77458899255499,0.1050782
development_6_level,6,level,snr,4.30825699169727,0.884247976739804,6.96978716193262,0.1036578
development_6_level,6,level,legacy_combined,5.68153512825184,0.885781706587184,6.6165398762489,0.073275
development_6_level,6,level,revised,5.67946018783368,0.877245260724109,7.53614701166749,0.0734716
development_6_level,6,level,oracle,5.18899855039306,0.884253341719848,7.22804313776085,0.1051747
development_6_type,6,type,noisy,0.710725283023367,0.808343588044577,0.233706576093738,0.00021
development_6_type,6,type,fixed,4.4771609879508,0.809242771453267,5.0256805495071,0.1048199
development_6_type,6,type,snr,4.36224262169858,0.807226073106501,4.19976952637625,0.1064503
development_6_type,6,type,legacy_combined,4.65871214520735,0.812209515201317,4.31383033821661,0.0743907
development_6_type,6,type,revised,4.0816947219813,0.811178550869793,4.59479606588654,0.0728303
development_6_type,6,type,oracle,4.57744735817245,0.8097470648127,4.46858409188842,0.1066247
development_6_onset,6,onset,noisy,5.39306604035395,0.839507654347722,0.233706576093738,0.0002117
development_6_onset,6,onset,fixed,5.3930660403489,0.83950765434772,0.233706576108226,0.1217337
development_6_onset,6,onset,snr,5.3930660403489,0.83950765434772,0.233706576108226,0.1106616
development_6_onset,6,onset,legacy_combined,5.39306604035779,0.839507654347721,0.233706576108228,0.0788554
development_6_onset,6,onset,revised,5.39306604035233,0.839507654347722,0.233706576106283,0.0886742
development_6_onset,6,onset,oracle,5.3930660403447,0.839507654347719,0.233706576095199,0.1115526
development_6_offset,6,offset,noisy,1.49455706980827,0.903917222446851,NaN,0.0001907
development_6_offset,6,offset,fixed,2.09027487710041,0.88261835772585,9.15504917982742,0.1059606
development_6_offset,6,offset,snr,2.41768608312893,0.879169283563705,8.74902692770295,0.1033975
development_6_offset,6,offset,legacy_combined,4.96550485594442,0.877150763564698,12.3604681066597,0.073184
development_6_offset,6,offset,revised,3.23389866725883,0.886201592497376,14.5325329115843,0.0754406
development_6_offset,6,offset,oracle,2.52079810073777,0.867142405949133,13.4569078289639,0.111998
development_6_type_pause,6,type_pause,noisy,0.118922860933731,0.797241501979274,-2.57018937564873,0.0002047
development_6_type_pause,6,type_pause,fixed,3.82644174622885,0.798261717121674,2.47246242953781,0.1091002
development_6_type_pause,6,type_pause,snr,3.77714369582338,0.795910858545843,1.80607239420352,0.1110291
development_6_type_pause,6,type_pause,legacy_combined,4.13454230904015,0.802395829809446,1.67880765403708,0.0790155
development_6_type_pause,6,type_pause,revised,3.37116331599135,0.803741818664844,2.12696366466897,0.0745166
development_6_type_pause,6,type_pause,oracle,3.8353830516669,0.798937951409141,1.56762864960688,0.1047531
development_6_stationary_office,6,stationary_office,noisy,-0.00377641145581173,0.866651149510595,NaN,0.0001978
development_6_stationary_office,6,stationary_office,fixed,3.57223010382298,0.866392197685088,NaN,0.1045781
development_6_stationary_office,6,stationary_office,snr,3.16937146750438,0.863353114076412,NaN,0.1037496
development_6_stationary_office,6,stationary_office,legacy_combined,3.58915389225582,0.871299473783279,NaN,0.073735
development_6_stationary_office,6,stationary_office,revised,2.79795590342533,0.862169473230327,NaN,0.0740003
development_6_stationary_office,6,stationary_office,oracle,3.57223010382298,0.866392197685088,NaN,0.106333
development_6_stationary_traffic,6,stationary_traffic,noisy,0.0248315038763609,0.745566887073099,NaN,0.0001998
development_6_stationary_traffic,6,stationary_traffic,fixed,1.65921344580116,0.742437918210058,NaN,0.1058808
development_6_stationary_traffic,6,stationary_traffic,snr,1.39827892208084,0.735974477262431,NaN,0.1030416
development_6_stationary_traffic,6,stationary_traffic,legacy_combined,3.78491310853884,0.748177755194933,NaN,0.0733215
development_6_stationary_traffic,6,stationary_traffic,revised,1.65921344580116,0.742437918210058,NaN,0.0740733
development_6_stationary_traffic,6,stationary_traffic,oracle,1.65921344580116,0.742437918210058,NaN,0.1053881
development_6_clean_control,6,clean_control,noisy,NaN,1,NaN,0.0002025
development_6_clean_control,6,clean_control,fixed,NaN,1,NaN,0.1102052
development_6_clean_control,6,clean_control,snr,NaN,1,NaN,0.1096895
development_6_clean_control,6,clean_control,legacy_combined,NaN,1,NaN,0.0798325
development_6_clean_control,6,clean_control,revised,NaN,1,NaN,0.080092
development_6_clean_control,6,clean_control,oracle,NaN,1,NaN,0.1121864
