method,hit_rate,matched_latency_s,penalised_latency_s,false_alarms_per_minute,no_change_false_alarms_per_minute,change_cases,no_change_cases,candidate_id,family,threshold,persistence_frames,speech_weight,selection_cost
candidate,1,0.680827083333333,0.680827083333333,84.6428571428571,91.4285714285714,30,18,1,legacy,4,2,0,86.6853383928571
candidate,1,0.87789375,0.87789375,75,82.3809523809524,30,18,2,legacy,4,2,0.75,77.63368125
candidate,0.9,0.809046296296296,0.878141666666666,61.7857142857143,67.6190476190476,30,18,3,legacy,4,4,0,Inf
candidate,0.9,0.943564814814815,0.999208333333333,50.3571428571429,55.7142857142857,30,18,4,legacy,4,4,0.75,Inf
candidate,0.533333333333333,0.94618359375,1.20463125,26.9642857142857,29.5238095238095,30,18,5,legacy,4,8,0,Inf
candidate,0.433333333333333,0.908048076923077,1.2434875,17.6785714285714,19.047619047619,30,18,6,legacy,4,8,0.75,Inf
candidate,1,0.848027083333333,0.848027083333333,64.4642857142857,71.4285714285714,30,18,7,legacy,6,2,0,67.0083669642857
candidate,1,0.927227083333333,0.927227083333333,53.9285714285714,59.5238095238095,30,18,8,legacy,6,2,0.75,56.7102526785714
candidate,0.633333333333333,0.854802631578948,1.091375,39.2857142857143,43.3333333333333,30,18,9,legacy,6,4,0,Inf
candidate,0.633333333333333,0.878802631578948,1.106575,31.4285714285714,34.7619047619048,30,18,10,legacy,6,4,0.75,Inf
candidate,0.466666666666667,0.916977678571428,1.22792291666667,14.8214285714286,16.6666666666667,30,18,11,legacy,6,8,0,Inf
candidate,0.3,0.977416666666667,1.343225,6.96428571428571,8.57142857142857,30,18,12,legacy,6,8,0.75,Inf
candidate,0.733333333333333,0.792056818181818,0.980841666666667,46.7857142857143,50.9523809523809,30,18,13,legacy,8,2,0,Inf
candidate,0.7,0.888494047619048,1.07194583333333,39.1071428571429,41.9047619047619,30,18,14,legacy,8,2,0.75,Inf
candidate,0.633333333333333,0.931434210526316,1.13990833333333,27.6785714285714,30.4761904761905,30,18,15,legacy,8,4,0,Inf
candidate,0.6,0.968725694444445,1.18123541666667,22.1428571428571,23.8095238095238,30,18,16,legacy,8,4,0.75,Inf
candidate,0.3,0.969416666666667,1.340825,9.10714285714286,10,30,18,17,legacy,8,8,0,Inf
candidate,0.233333333333333,0.857553571428571,1.35009583333333,3.75,4.28571428571429,30,18,18,legacy,8,8,0.75,Inf
candidate,0.633333333333333,0.805118421052632,1.05990833333333,34.1071428571429,35.7142857142857,30,18,19,legacy,10,2,0,Inf
candidate,0.633333333333333,0.95796052631579,1.15670833333333,29.1071428571429,30.952380952381,30,18,20,legacy,10,2,0.75,Inf
candidate,0.5,0.96305,1.231525,20.7142857142857,22.3809523809524,30,18,21,legacy,10,4,0,Inf
candidate,0.466666666666667,0.948683035714286,1.24271875,17.3214285714286,18.0952380952381,30,18,22,legacy,10,4,0.75,Inf
candidate,0.266666666666667,1.024515625,1.37320416666667,5.17857142857143,5.71428571428571,30,18,23,legacy,10,8,0,Inf
candidate,0.233333333333333,0.991267857142857,1.38129583333333,1.42857142857143,1.9047619047619,30,18,24,legacy,10,8,0.75,Inf
candidate,1,0.144560416666667,0.144560416666667,77.5,87.6190476190476,30,18,25,floor,4,2,0,77.93368125
candidate,1,0.186160416666667,0.186160416666667,71.9642857142857,82.3809523809524,30,18,26,floor,4,2,0.75,72.5227669642857
candidate,1,0.18189375,0.18189375,72.3214285714286,82.8571428571429,30,18,27,floor,4,4,0,72.8671098214286
candidate,1,0.188027083333333,0.188027083333333,66.4285714285714,75.7142857142857,30,18,28,floor,4,4,0.75,66.9926526785714
candidate,1,0.216827083333333,0.216827083333333,62.1428571428571,71.4285714285714,30,18,29,floor,4,8,0,62.7933383928571
candidate,1,0.22909375,0.22909375,55,63.3333333333333,30,18,30,floor,4,8,0.75,55.68728125
candidate,1,0.161360416666667,0.161360416666667,61.7857142857143,69.5238095238095,30,18,31,floor,6,2,0,62.2697955357143
candidate,1,0.166427083333333,0.166427083333333,58.75,66.6666666666667,30,18,32,floor,6,2,0.75,59.24928125
candidate,1,0.219760416666667,0.219760416666667,59.4642857142857,66.6666666666667,30,18,33,floor,6,4,0,60.1235669642857
candidate,1,0.22269375,0.22269375,54.1071428571429,60.9523809523809,30,18,34,floor,6,4,0.75,54.7752241071429
candidate,0.966666666666667,0.257663793103448,0.299075,48.0357142857143,55.7142857142857,30,18,35,floor,6,8,0,49.5996059523809
candidate,0.966666666666667,0.278905172413793,0.319608333333333,42.6785714285714,50,30,18,36,floor,6,8,0.75,44.3040630952381
candidate,0.966666666666667,0.204698275862069,0.247875,48.5714285714286,56.1904761904762,30,18,37,floor,8,2,0,49.9817202380952
candidate,0.966666666666667,0.201387931034483,0.244675,47.5,55.2380952380952,30,18,38,floor,8,2,0.75,48.9006916666667
candidate,0.966666666666667,0.224560344827586,0.267075,45.7142857142857,52.8571428571429,30,18,39,floor,8,4,0,47.1821773809524
candidate,0.966666666666667,0.219594827586207,0.262275,41.25,48.5714285714286,30,18,40,floor,8,4,0.75,42.7034916666667
candidate,0.933333333333333,0.27025,0.352233333333333,37.1428571428571,43.3333333333333,30,18,41,floor,8,8,0,Inf
candidate,0.933333333333333,0.283107142857143,0.364233333333333,32.6785714285714,39.0476190476191,30,18,42,floor,8,8,0.75,Inf
candidate,0.933333333333333,0.253107142857143,0.336233333333333,41.4285714285714,48.5714285714286,30,18,43,floor,10,2,0,Inf
candidate,0.933333333333333,0.254535714285714,0.337566666666667,40,46.6666666666667,30,18,44,floor,10,2,0.75,Inf
candidate,0.9,0.271916666666667,0.394725,39.8214285714286,46.6666666666667,30,18,45,floor,10,4,0,Inf
candidate,0.9,0.275768518518519,0.398191666666667,35.5357142857143,41.9047619047619,30,18,46,floor,10,4,0.75,Inf
candidate,0.833333333333333,0.2651925,0.47099375,32.8571428571429,38.5714285714286,30,18,47,floor,10,8,0,Inf
candidate,0.766666666666667,0.221491847826087,0.519810416666667,26.9642857142857,32.3809523809524,30,18,48,floor,10,8,0.75,Inf
