case_id,condition,method,false_alarm_time_s,reference_speech_active,within_100ms_of_reference_onset
development_1_level,level,floor_without_speech_gate,1.28,1,1
development_1_level,level,floor_without_speech_gate,1.944,0,1
development_1_level,level,floor_without_speech_gate,3.128,1,1
development_1_level,level,floor_without_speech_gate,6.088,1,1
development_1_type,type,floor_without_speech_gate,1.312,1,0
development_1_type,type,floor_without_speech_gate,1.944,0,1
development_1_type,type,floor_without_speech_gate,3.152,1,1
development_1_onset,onset,floor_without_speech_gate,1.04,0,1
development_1_onset,onset,floor_without_speech_gate,1.424,1,0
development_1_onset,onset,floor_without_speech_gate,1.936,0,1
development_1_onset,onset,floor_without_speech_gate,2.52,0,1
development_1_onset,onset,floor_without_speech_gate,3.288,1,1
development_1_offset,offset,floor_without_speech_gate,1.952,0,1
development_1_offset,offset,floor_without_speech_gate,3.736,0,1
development_1_offset,offset,floor_without_speech_gate,4.184,1,1
development_1_offset,offset,floor_without_speech_gate,5.184,0,0
development_1_offset,offset,floor_without_speech_gate,5.888,1,0
development_1_offset,offset,floor_without_speech_gate,6.272,1,1
development_1_offset,offset,floor_without_speech_gate,7.928,0,0
development_1_type_pause,type_pause,floor_without_speech_gate,1.312,1,0
development_1_type_pause,type_pause,floor_without_speech_gate,1.944,0,1
development_1_type_pause,type_pause,floor_without_speech_gate,3.28,1,1
development_1_stationary_office,stationary_office,floor_without_speech_gate,1.312,1,0
development_1_stationary_office,stationary_office,floor_without_speech_gate,1.944,0,1
development_1_stationary_office,stationary_office,floor_without_speech_gate,2.784,1,0
development_1_stationary_office,stationary_office,floor_without_speech_gate,6.088,1,1
development_1_stationary_traffic,stationary_traffic,floor_without_speech_gate,1.952,0,1
development_1_clean_control,clean_control,floor_without_speech_gate,1.04,0,1
development_1_clean_control,clean_control,floor_without_speech_gate,1.424,1,0
development_1_clean_control,clean_control,floor_without_speech_gate,1.936,0,1
development_1_clean_control,clean_control,floor_without_speech_gate,2.52,0,1
development_1_clean_control,clean_control,floor_without_speech_gate,2.904,1,1
development_1_clean_control,clean_control,floor_without_speech_gate,3.736,0,1
development_1_clean_control,clean_control,floor_without_speech_gate,4.184,1,1
development_1_clean_control,clean_control,floor_without_speech_gate,5.184,0,0
development_1_clean_control,clean_control,floor_without_speech_gate,5.888,1,0
development_1_clean_control,clean_control,floor_without_speech_gate,6.272,1,1
development_1_clean_control,clean_control,floor_without_speech_gate,7.928,0,0
development_2_level,level,floor_without_speech_gate,1.296,0,1
development_2_level,level,floor_without_speech_gate,1.68,1,1
development_2_level,level,floor_without_speech_gate,2.064,1,1
development_2_level,level,floor_without_speech_gate,2.448,0,1
development_2_level,level,floor_without_speech_gate,4.2,0,1
development_2_level,level,floor_without_speech_gate,6.312,0,0
development_2_level,level,floor_without_speech_gate,7.184,1,0
development_2_type,type,floor_without_speech_gate,1.552,1,1
development_2_onset,onset,floor_without_speech_gate,1.04,0,1
development_2_onset,onset,floor_without_speech_gate,1.424,1,1
development_2_onset,onset,floor_without_speech_gate,1.928,1,0
development_2_onset,onset,floor_without_speech_gate,2.432,0,1
development_2_onset,onset,floor_without_speech_gate,3.2,0,0
development_2_offset,offset,floor_without_speech_gate,3.216,0,0
development_2_offset,offset,floor_without_speech_gate,3.792,0,1
development_2_offset,offset,floor_without_speech_gate,4.176,1,1
development_2_offset,offset,floor_without_speech_gate,4.56,0,1
development_2_offset,offset,floor_without_speech_gate,4.944,0,0
development_2_offset,offset,floor_without_speech_gate,5.776,1,0
development_2_offset,offset,floor_without_speech_gate,6.16,1,1
development_2_offset,offset,floor_without_speech_gate,6.544,0,0
development_2_offset,offset,floor_without_speech_gate,7.056,0,1
development_2_offset,offset,floor_without_speech_gate,7.44,1,1
development_2_offset,offset,floor_without_speech_gate,7.824,0,0
development_2_type_pause,type_pause,floor_without_speech_gate,1.552,1,1
development_2_type_pause,type_pause,floor_without_speech_gate,3.224,0,0
development_2_stationary_office,stationary_office,floor_without_speech_gate,1.552,1,1
development_2_stationary_office,stationary_office,floor_without_speech_gate,4.2,0,1
development_2_stationary_office,stationary_office,floor_without_speech_gate,6.312,0,0
development_2_stationary_office,stationary_office,floor_without_speech_gate,7.184,1,0
development_2_clean_control,clean_control,floor_without_speech_gate,1.04,0,1
development_2_clean_control,clean_control,floor_without_speech_gate,1.424,1,1
development_2_clean_control,clean_control,floor_without_speech_gate,1.928,1,0
development_2_clean_control,clean_control,floor_without_speech_gate,2.432,0,1
development_2_clean_control,clean_control,floor_without_speech_gate,2.816,1,0
development_2_clean_control,clean_control,floor_without_speech_gate,3.2,0,0
development_2_clean_control,clean_control,floor_without_speech_gate,3.792,0,1
development_2_clean_control,clean_control,floor_without_speech_gate,4.176,1,1
development_2_clean_control,clean_control,floor_without_speech_gate,4.56,0,1
development_2_clean_control,clean_control,floor_without_speech_gate,4.944,0,0
development_2_clean_control,clean_control,floor_without_speech_gate,5.776,1,0
development_2_clean_control,clean_control,floor_without_speech_gate,6.16,1,1
development_2_clean_control,clean_control,floor_without_speech_gate,6.544,0,0
development_2_clean_control,clean_control,floor_without_speech_gate,7.056,0,1
development_2_clean_control,clean_control,floor_without_speech_gate,7.44,1,1
development_2_clean_control,clean_control,floor_without_speech_gate,7.824,0,0
development_3_level,level,floor_without_speech_gate,1.296,1,0
development_3_level,level,floor_without_speech_gate,1.68,0,1
development_3_level,level,floor_without_speech_gate,2.24,0,0
development_3_level,level,floor_without_speech_gate,3.024,1,1
development_3_level,level,floor_without_speech_gate,5.112,1,1
development_3_level,level,floor_without_speech_gate,7.056,1,1
development_3_type,type,floor_without_speech_gate,1.328,0,1
development_3_type,type,floor_without_speech_gate,3.04,1,1
development_3_onset,onset,floor_without_speech_gate,1.04,0,1
development_3_onset,onset,floor_without_speech_gate,1.608,0,1
development_3_onset,onset,floor_without_speech_gate,1.992,0,0
development_3_onset,onset,floor_without_speech_gate,2.376,0,0
development_3_onset,onset,floor_without_speech_gate,2.984,1,0
development_3_offset,offset,floor_without_speech_gate,3.792,0,0
development_3_offset,offset,floor_without_speech_gate,4.176,0,0
development_3_offset,offset,floor_without_speech_gate,4.56,1,1
development_3_offset,offset,floor_without_speech_gate,4.944,1,1
development_3_offset,offset,floor_without_speech_gate,5.392,0,1
development_3_offset,offset,floor_without_speech_gate,5.968,0,0
development_3_offset,offset,floor_without_speech_gate,6.696,0,1
development_3_offset,offset,floor_without_speech_gate,7.08,1,0
development_3_offset,offset,floor_without_speech_gate,7.544,0,0
development_3_type_pause,type_pause,floor_without_speech_gate,1.328,0,1
development_3_stationary_office,stationary_office,floor_without_speech_gate,1.328,0,1
development_3_stationary_office,stationary_office,floor_without_speech_gate,3.04,1,1
development_3_stationary_office,stationary_office,floor_without_speech_gate,5.112,1,1
development_3_stationary_office,stationary_office,floor_without_speech_gate,7.056,1,1
development_3_clean_control,clean_control,floor_without_speech_gate,1.04,0,1
development_3_clean_control,clean_control,floor_without_speech_gate,1.608,0,1
development_3_clean_control,clean_control,floor_without_speech_gate,1.992,0,0
development_3_clean_control,clean_control,floor_without_speech_gate,2.376,0,0
development_3_clean_control,clean_control,floor_without_speech_gate,2.984,1,0
development_3_clean_control,clean_control,floor_without_speech_gate,3.368,1,0
development_3_clean_control,clean_control,floor_without_speech_gate,3.752,0,0
development_3_clean_control,clean_control,floor_without_speech_gate,4.144,0,0
development_3_clean_control,clean_control,floor_without_speech_gate,4.528,1,1
development_3_clean_control,clean_control,floor_without_speech_gate,4.912,0,1
development_3_clean_control,clean_control,floor_without_speech_gate,5.392,0,1
development_3_clean_control,clean_control,floor_without_speech_gate,5.968,0,0
development_3_clean_control,clean_control,floor_without_speech_gate,6.696,0,1
development_3_clean_control,clean_control,floor_without_speech_gate,7.08,1,0
development_3_clean_control,clean_control,floor_without_speech_gate,7.544,0,0
development_4_level,level,floor_without_speech_gate,1.296,1,1
development_4_level,level,floor_without_speech_gate,1.68,1,1
development_4_level,level,floor_without_speech_gate,2.416,0,1
development_4_level,level,floor_without_speech_gate,2.8,1,0
development_4_level,level,floor_without_speech_gate,6.536,1,1
development_4_level,level,floor_without_speech_gate,6.92,1,0
development_4_type,type,floor_without_speech_gate,1.584,1,1
development_4_type,type,floor_without_speech_gate,2.824,1,1
development_4_onset,onset,floor_without_speech_gate,1.04,0,1
development_4_onset,onset,floor_without_speech_gate,1.424,1,1
development_4_onset,onset,floor_without_speech_gate,1.808,1,0
development_4_onset,onset,floor_without_speech_gate,2.416,0,1
development_4_onset,onset,floor_without_speech_gate,2.8,1,0
development_4_onset,onset,floor_without_speech_gate,3.568,1,1
development_4_offset,offset,floor_without_speech_gate,1.696,1,1
development_4_offset,offset,floor_without_speech_gate,3.872,1,1
development_4_offset,offset,floor_without_speech_gate,4.256,0,0
development_4_offset,offset,floor_without_speech_gate,5.088,1,1
development_4_offset,offset,floor_without_speech_gate,5.472,1,1
development_4_offset,offset,floor_without_speech_gate,5.856,0,0
development_4_offset,offset,floor_without_speech_gate,6.504,1,1
development_4_offset,offset,floor_without_speech_gate,6.888,1,0
development_4_offset,offset,floor_without_speech_gate,7.4,1,1
development_4_offset,offset,floor_without_speech_gate,7.784,0,0
development_4_type_pause,type_pause,floor_without_speech_gate,1.584,1,1
development_4_type_pause,type_pause,floor_without_speech_gate,3.536,1,1
development_4_stationary_office,stationary_office,floor_without_speech_gate,1.584,1,1
development_4_stationary_office,stationary_office,floor_without_speech_gate,2.824,1,1
development_4_stationary_office,stationary_office,floor_without_speech_gate,6.536,1,1
development_4_stationary_office,stationary_office,floor_without_speech_gate,6.92,1,0
development_4_stationary_traffic,stationary_traffic,floor_without_speech_gate,1.696,1,1
development_4_clean_control,clean_control,floor_without_speech_gate,1.04,0,1
development_4_clean_control,clean_control,floor_without_speech_gate,1.424,1,1
development_4_clean_control,clean_control,floor_without_speech_gate,1.808,1,0
development_4_clean_control,clean_control,floor_without_speech_gate,2.416,0,1
development_4_clean_control,clean_control,floor_without_speech_gate,2.8,1,0
development_4_clean_control,clean_control,floor_without_speech_gate,3.872,1,1
development_4_clean_control,clean_control,floor_without_speech_gate,4.256,0,0
development_4_clean_control,clean_control,floor_without_speech_gate,5.088,1,1
development_4_clean_control,clean_control,floor_without_speech_gate,5.472,1,1
development_4_clean_control,clean_control,floor_without_speech_gate,5.856,0,0
development_4_clean_control,clean_control,floor_without_speech_gate,6.504,1,1
development_4_clean_control,clean_control,floor_without_speech_gate,6.888,1,0
development_4_clean_control,clean_control,floor_without_speech_gate,7.4,1,1
development_4_clean_control,clean_control,floor_without_speech_gate,7.784,0,0
development_5_level,level,floor_without_speech_gate,1.256,1,0
development_5_level,level,floor_without_speech_gate,1.64,1,1
development_5_level,level,floor_without_speech_gate,2.224,0,1
development_5_level,level,floor_without_speech_gate,4.976,1,1
development_5_level,level,floor_without_speech_gate,7.296,1,1
development_5_type,type,floor_without_speech_gate,1.576,1,1
development_5_onset,onset,floor_without_speech_gate,1.04,0,1
development_5_onset,onset,floor_without_speech_gate,1.424,1,1
development_5_onset,onset,floor_without_speech_gate,2.04,1,0
development_5_onset,onset,floor_without_speech_gate,2.632,1,0
development_5_onset,onset,floor_without_speech_gate,3.016,1,1
development_5_offset,offset,floor_without_speech_gate,3.632,0,0
development_5_offset,offset,floor_without_speech_gate,4.016,0,0
development_5_offset,offset,floor_without_speech_gate,4.552,1,0
development_5_offset,offset,floor_without_speech_gate,4.936,1,1
development_5_offset,offset,floor_without_speech_gate,5.624,0,1
development_5_offset,offset,floor_without_speech_gate,6.256,0,0
development_5_offset,offset,floor_without_speech_gate,6.64,0,0
development_5_offset,offset,floor_without_speech_gate,7.168,0,1
development_5_offset,offset,floor_without_speech_gate,7.584,1,1
development_5_type_pause,type_pause,floor_without_speech_gate,1.576,1,1
development_5_type_pause,type_pause,floor_without_speech_gate,3.728,0,0
development_5_stationary_office,stationary_office,floor_without_speech_gate,1.576,1,1
development_5_stationary_office,stationary_office,floor_without_speech_gate,4.592,0,1
development_5_stationary_office,stationary_office,floor_without_speech_gate,4.976,1,1
development_5_stationary_office,stationary_office,floor_without_speech_gate,7.296,1,1
development_5_clean_control,clean_control,floor_without_speech_gate,1.04,0,1
development_5_clean_control,clean_control,floor_without_speech_gate,1.424,1,1
development_5_clean_control,clean_control,floor_without_speech_gate,2.04,1,0
development_5_clean_control,clean_control,floor_without_speech_gate,2.632,1,0
development_5_clean_control,clean_control,floor_without_speech_gate,3.016,1,1
development_5_clean_control,clean_control,floor_without_speech_gate,3.448,0,0
development_5_clean_control,clean_control,floor_without_speech_gate,3.832,0,0
development_5_clean_control,clean_control,floor_without_speech_gate,4.216,0,0
development_5_clean_control,clean_control,floor_without_speech_gate,4.6,0,1
development_5_clean_control,clean_control,floor_without_speech_gate,4.984,1,1
development_5_clean_control,clean_control,floor_without_speech_gate,5.624,0,1
development_5_clean_control,clean_control,floor_without_speech_gate,6.256,0,0
development_5_clean_control,clean_control,floor_without_speech_gate,6.64,0,0
development_5_clean_control,clean_control,floor_without_speech_gate,7.168,0,1
development_5_clean_control,clean_control,floor_without_speech_gate,7.584,1,1
development_6_level,level,floor_without_speech_gate,1.288,0,1
development_6_level,level,floor_without_speech_gate,1.672,1,1
development_6_level,level,floor_without_speech_gate,2.528,0,1
development_6_level,level,floor_without_speech_gate,3.592,1,1
development_6_level,level,floor_without_speech_gate,3.976,1,1
development_6_level,level,floor_without_speech_gate,5.864,1,1
development_6_level,level,floor_without_speech_gate,6.256,1,1
development_6_type,type,floor_without_speech_gate,1.536,1,0
development_6_type,type,floor_without_speech_gate,3.616,1,1
development_6_type,type,floor_without_speech_gate,4.696,1,1
development_6_onset,onset,floor_without_speech_gate,1.04,0,1
development_6_onset,onset,floor_without_speech_gate,1.424,1,1
development_6_onset,onset,floor_without_speech_gate,2.496,0,1
development_6_onset,onset,floor_without_speech_gate,3.368,0,1
development_6_onset,onset,floor_without_speech_gate,3.752,1,1
development_6_onset,onset,floor_without_speech_gate,4.696,1,1
development_6_offset,offset,floor_without_speech_gate,4.816,1,1
development_6_offset,offset,floor_without_speech_gate,5.2,0,0
development_6_offset,offset,floor_without_speech_gate,5.776,1,0
development_6_offset,offset,floor_without_speech_gate,6.16,1,1
development_6_offset,offset,floor_without_speech_gate,6.688,0,1
development_6_offset,offset,floor_without_speech_gate,7.072,0,0
development_6_offset,offset,floor_without_speech_gate,7.744,1,0
development_6_type_pause,type_pause,floor_without_speech_gate,1.536,1,0
development_6_type_pause,type_pause,floor_without_speech_gate,3.616,1,1
development_6_type_pause,type_pause,floor_without_speech_gate,4.8,1,1
development_6_stationary_office,stationary_office,floor_without_speech_gate,1.536,1,0
development_6_stationary_office,stationary_office,floor_without_speech_gate,3.616,1,1
development_6_stationary_office,stationary_office,floor_without_speech_gate,4.312,1,0
development_6_stationary_office,stationary_office,floor_without_speech_gate,5.864,1,1
development_6_stationary_office,stationary_office,floor_without_speech_gate,6.256,1,1
development_6_clean_control,clean_control,floor_without_speech_gate,1.04,0,1
development_6_clean_control,clean_control,floor_without_speech_gate,1.424,1,1
development_6_clean_control,clean_control,floor_without_speech_gate,2.496,0,1
development_6_clean_control,clean_control,floor_without_speech_gate,3.368,0,1
development_6_clean_control,clean_control,floor_without_speech_gate,3.752,1,1
development_6_clean_control,clean_control,floor_without_speech_gate,4.312,1,0
development_6_clean_control,clean_control,floor_without_speech_gate,4.936,0,0
development_6_clean_control,clean_control,floor_without_speech_gate,5.32,0,0
development_6_clean_control,clean_control,floor_without_speech_gate,5.776,1,0
development_6_clean_control,clean_control,floor_without_speech_gate,6.16,1,1
development_6_clean_control,clean_control,floor_without_speech_gate,6.688,0,1
development_6_clean_control,clean_control,floor_without_speech_gate,7.072,0,0
development_6_clean_control,clean_control,floor_without_speech_gate,7.744,1,0
