split,metric,revised_minus_original,cluster_bootstrap_95_low,cluster_bootstrap_95_high
development,hit_rate,-0.0333333333333333,-0.1,0
development,no_change_false_alarms_per_minute,-21.4285714285714,-28.5714285714286,-14.7619047619048
development,stoi,-0.00324541651346838,-0.0056251177093084,-0.000790261047218239
development,whole_si_sdr_db,-0.466146168004663,-0.665748068096543,-0.263741876040124
development,penalised_latency_s,-0.585752083333333,-0.814133333333333,-0.377104166666667
validation,hit_rate,0.1,-0.233333333333333,0.466666666666667
validation,no_change_false_alarms_per_minute,-20.4761904761905,-28.5714285714286,-11.9047619047619
validation,stoi,-0.00338430993194972,-0.00521524849857782,-0.00183158266739945
validation,whole_si_sdr_db,-0.895175347162293,-1.11926880317223,-0.666181701868382
validation,penalised_latency_s,-0.426833333333333,-0.71145,-0.130491666666667
