split,speaker,replicate,condition,cue,detected_within_1_5_s,detection_latency_s,false_alarms_before_change,total_triggers
development,p232,1,level_active,log_spectrum,0,2.616,1,2
development,p232,1,level_active,spectral_flux,0,NaN,0,0
development,p232,1,level_active,modulation,1,0.592,2,5
development,p232,1,level_active,combined,1,0.592,2,5
development,p232,1,type_active,log_spectrum,0,2.88,2,3
development,p232,1,type_active,spectral_flux,0,NaN,0,0
development,p232,1,type_active,modulation,0,1.896,1,3
development,p232,1,type_active,combined,0,1.896,2,5
development,p232,1,onset_active,log_spectrum,0,2.88,2,3
development,p232,1,onset_active,spectral_flux,0,NaN,0,0
development,p232,1,onset_active,modulation,0,1.896,3,5
development,p232,1,onset_active,combined,0,1.896,3,6
development,p232,1,offset_active,log_spectrum,1,0.28,1,3
development,p232,1,offset_active,spectral_flux,0,NaN,0,0
development,p232,1,offset_active,modulation,1,0.016,0,4
development,p232,1,offset_active,combined,1,0.216,1,5
development,p232,1,type_pause,log_spectrum,0,2.888,2,3
development,p232,1,type_pause,spectral_flux,0,NaN,0,0
development,p232,1,type_pause,modulation,0,1.888,1,3
development,p232,1,type_pause,combined,0,1.888,2,5
development,p232,2,level_active,log_spectrum,1,0.376,4,7
development,p232,2,level_active,spectral_flux,0,NaN,0,0
development,p232,2,level_active,modulation,1,0.368,3,6
development,p232,2,level_active,combined,1,0.368,4,8
development,p232,2,type_active,log_spectrum,0,NaN,3,3
development,p232,2,type_active,spectral_flux,0,NaN,0,0
development,p232,2,type_active,modulation,1,0.392,3,5
development,p232,2,type_active,combined,1,0.392,3,5
development,p232,2,onset_active,log_spectrum,0,NaN,4,4
development,p232,2,onset_active,spectral_flux,0,NaN,0,0
development,p232,2,onset_active,modulation,0,2.848,3,4
development,p232,2,onset_active,combined,0,2.848,5,6
development,p232,2,offset_active,log_spectrum,1,0.024,3,8
development,p232,2,offset_active,spectral_flux,0,NaN,0,0
development,p232,2,offset_active,modulation,1,0.016,2,5
development,p232,2,offset_active,combined,1,0.016,4,9
development,p232,2,type_pause,log_spectrum,1,0.00800000000000001,3,5
development,p232,2,type_pause,spectral_flux,0,NaN,0,0
development,p232,2,type_pause,modulation,0,2.848,3,4
development,p232,2,type_pause,combined,1,0.00800000000000001,3,6
development,p232,3,level_active,log_spectrum,1,0.184,2,3
development,p232,3,level_active,spectral_flux,0,NaN,1,1
development,p232,3,level_active,modulation,0,NaN,1,1
development,p232,3,level_active,combined,1,0.184,2,3
development,p232,3,type_active,log_spectrum,0,1.776,2,4
development,p232,3,type_active,spectral_flux,0,NaN,0,0
development,p232,3,type_active,modulation,0,2.432,3,4
development,p232,3,type_active,combined,0,1.776,3,6
development,p232,3,onset_active,log_spectrum,0,1.776,2,4
development,p232,3,onset_active,spectral_flux,0,NaN,0,0
development,p232,3,onset_active,modulation,0,2.432,2,3
development,p232,3,onset_active,combined,0,1.776,3,6
development,p232,3,offset_active,log_spectrum,1,0.232,3,7
development,p232,3,offset_active,spectral_flux,0,NaN,0,0
development,p232,3,offset_active,modulation,1,0.304,3,5
development,p232,3,offset_active,combined,1,0.232,3,7
development,p232,3,type_pause,log_spectrum,1,0,1,5
development,p232,3,type_pause,spectral_flux,0,NaN,0,0
development,p232,3,type_pause,modulation,1,0.00800000000000001,2,4
development,p232,3,type_pause,combined,1,0,2,7
held_out,p257,1,level_active,log_spectrum,0,1.688,3,5
held_out,p257,1,level_active,spectral_flux,0,NaN,1,1
held_out,p257,1,level_active,modulation,0,2.392,2,3
held_out,p257,1,level_active,combined,0,1.688,3,5
held_out,p257,1,type_active,log_spectrum,0,1.512,4,7
held_out,p257,1,type_active,spectral_flux,0,NaN,0,0
held_out,p257,1,type_active,modulation,0,1.688,0,2
held_out,p257,1,type_active,combined,0,1.512,4,7
held_out,p257,1,onset_active,log_spectrum,0,1.512,5,8
held_out,p257,1,onset_active,spectral_flux,0,NaN,1,1
held_out,p257,1,onset_active,modulation,0,1.688,5,7
held_out,p257,1,onset_active,combined,0,1.512,6,9
held_out,p257,1,offset_active,log_spectrum,1,0.536,3,8
held_out,p257,1,offset_active,spectral_flux,0,NaN,1,1
held_out,p257,1,offset_active,modulation,1,0.104,0,5
held_out,p257,1,offset_active,combined,1,0.368,3,9
held_out,p257,1,type_pause,log_spectrum,1,0.288,3,7
held_out,p257,1,type_pause,spectral_flux,0,NaN,0,0
held_out,p257,1,type_pause,modulation,1,0.528,0,3
held_out,p257,1,type_pause,combined,1,0.288,3,8
held_out,p257,2,level_active,log_spectrum,0,2.592,4,5
held_out,p257,2,level_active,spectral_flux,0,NaN,0,0
held_out,p257,2,level_active,modulation,1,0.608,2,5
held_out,p257,2,level_active,combined,1,0.608,4,8
held_out,p257,2,type_active,log_spectrum,0,NaN,3,3
held_out,p257,2,type_active,spectral_flux,0,NaN,0,0
held_out,p257,2,type_active,modulation,0,NaN,2,2
held_out,p257,2,type_active,combined,0,NaN,3,3
held_out,p257,2,onset_active,log_spectrum,0,NaN,4,4
held_out,p257,2,onset_active,spectral_flux,0,NaN,1,1
held_out,p257,2,onset_active,modulation,0,NaN,2,2
held_out,p257,2,onset_active,combined,0,NaN,4,4
held_out,p257,2,offset_active,log_spectrum,1,0.256,2,6
held_out,p257,2,offset_active,spectral_flux,0,NaN,0,0
held_out,p257,2,offset_active,modulation,1,0.264,2,6
held_out,p257,2,offset_active,combined,1,0.256,3,7
held_out,p257,2,type_pause,log_spectrum,1,0.272,2,5
held_out,p257,2,type_pause,spectral_flux,0,NaN,0,0
held_out,p257,2,type_pause,modulation,1,0.28,1,3
held_out,p257,2,type_pause,combined,1,0.272,2,5
held_out,p257,3,level_active,log_spectrum,1,0.688,4,5
held_out,p257,3,level_active,spectral_flux,0,NaN,0,0
held_out,p257,3,level_active,modulation,1,0.688,1,3
held_out,p257,3,level_active,combined,1,0.128,4,7
held_out,p257,3,type_active,log_spectrum,1,0.688,1,2
held_out,p257,3,type_active,spectral_flux,0,NaN,0,0
held_out,p257,3,type_active,modulation,1,0.688,1,4
held_out,p257,3,type_active,combined,1,0.688,1,4
held_out,p257,3,onset_active,log_spectrum,0,NaN,5,5
held_out,p257,3,onset_active,spectral_flux,0,NaN,0,0
held_out,p257,3,onset_active,modulation,0,2.152,4,6
held_out,p257,3,onset_active,combined,0,2.152,5,7
held_out,p257,3,offset_active,log_spectrum,1,0.136,2,6
held_out,p257,3,offset_active,spectral_flux,0,NaN,0,0
held_out,p257,3,offset_active,modulation,1,0.136,1,4
held_out,p257,3,offset_active,combined,1,0.136,2,6
held_out,p257,3,type_pause,log_spectrum,1,0.688,2,3
held_out,p257,3,type_pause,spectral_flux,0,NaN,0,0
held_out,p257,3,type_pause,modulation,1,0.68,1,2
held_out,p257,3,type_pause,combined,1,0.68,2,4
