split,speaker,replicate,condition,system,selected_cue,whole_si_sdr_db,transition_si_sdr_db,steady_si_sdr_db,stoi,output_snr_db,settling_time_s,transition_speech_error_db,transition_noise_suppression_db,runtime_s
development,p232,1,level_active,noisy,combined,1.86827041693119,1.07689587929422,-0.520648041967268,0.949067604027584,1.85398581562485,2.7,NaN,0,0
development,p232,1,level_active,fixed,combined,-0.579021405617452,-0.893315614817637,-2.17936552147201,0.909766496806754,2.27256181132867,1.4,-9.5035561611976,1.33521152553888,0.089776
development,p232,1,level_active,snr,combined,1.08325969529687,1.28737947323402,0.154597692873626,0.931859465211758,2.61000328514227,NaN,-20.7652906478804,0.94280891598333,0.069908
development,p232,1,level_active,change,combined,2.28326753299633,1.48998346635184,3.96854201564246,0.929741248243132,3.67578829829715,1.4,-26.4008841112034,0.672933559174411,0.0601601
development,p232,1,level_active,oracle,combined,1.4177261423366,1.47742260698105,0.371642885004881,0.908645711331771,3.63976202635005,1.4,-11.7888925533999,2.34309282744467,0.0555005
development,p232,1,type_active,noisy,combined,0.0549345420524792,0.529278741975374,0.380663540977032,0.840302224830643,2.60947012448536e-11,1.5,NaN,0,0
development,p232,1,type_active,fixed,combined,1.40640554226006,1.5664881793884,2.37374584026307,0.811921824500056,3.60996927031014,1.5,-12.0438673983818,3.40611780462421,0.0579648
development,p232,1,type_active,snr,combined,1.95358502257139,2.12653324334213,3.32567184542725,0.823434571388653,3.30893389102275,1.5,-21.7704047952471,2.20220169244687,0.0515858
development,p232,1,type_active,change,combined,2.14842385696824,2.24966950148273,3.60472716689617,0.823854445732624,3.46369418791424,1.5,-24.3676078323217,1.99526400164391,0.0562875
development,p232,1,type_active,oracle,combined,1.63149380149592,2.24651440090573,2.40428649777576,0.806075039472604,3.85954616400998,1.6,-11.3720604129194,3.86614644916754,0.0489076
development,p232,1,onset_active,noisy,combined,2.19087379282794,0.529278741975374,0.380663540977032,0.916958775049225,2.11885541512069,1.5,NaN,0,0
development,p232,1,onset_active,fixed,combined,-0.442966928081371,-0.5916008597835,-1.61658982445141,0.885104462781409,2.07933375547881,1.6,-12.2118813803317,1.11329542380604,0.0467486
development,p232,1,onset_active,snr,combined,0.689593808592261,0.552641312529211,0.391544459499604,0.890560413249449,1.88843824962414,1.5,-25.0820767392557,0.379809659995308,0.0497237
development,p232,1,onset_active,change,combined,1.11388639366962,0.696469205395183,0.462230248450692,0.894386682245421,1.99872721463212,1.5,-30.1194758169045,0.352261970608596,0.0465962
development,p232,1,onset_active,oracle,combined,-0.792284613957814,-0.246406683062833,-3.23424135726103,0.87971498794826,1.99333192406468,1.6,-11.6411926175622,1.05635350439806,0.046459
development,p232,1,offset_active,noisy,combined,4.14488751640785,181.288870514077,178.624674089408,0.874052651621285,4.13326951683737,0,NaN,0,0
development,p232,1,offset_active,fixed,combined,4.2279643112757,10.9582803748493,8.10126177396672,0.843642743031678,4.87989515202569,0.3,-7.23891523228068,NaN,0.0478033
development,p232,1,offset_active,snr,combined,5.6247331033971,11.7662597984467,11.958549536364,0.845845677222721,6.15540328688639,NaN,-8.54238769269257,NaN,0.04613
development,p232,1,offset_active,change,combined,5.4218964109735,13.7669535951187,12.0188234920986,0.858065688159412,6.31092914711222,NaN,-12.582872473011,NaN,0.047488
development,p232,1,offset_active,oracle,combined,4.67555511882091,10.6318529496399,9.50928369638082,0.846369538436129,5.49961661504202,0.1,-9.9438098663428,NaN,0.0483804
development,p232,1,type_pause,noisy,combined,-0.0218397812817656,-2.60480486344857,1.87204114241159,0.857454841870356,2.66057948021237e-11,1.5,NaN,0,0
development,p232,1,type_pause,fixed,combined,1.33317336876901,-1.47190835063572,3.78805356131974,0.831993388301334,3.65744405445654,1.5,-9.99641826628018,4.24567811048799,0.0471489
development,p232,1,type_pause,snr,combined,1.82040497968763,-0.477767517286934,4.85955903095049,0.845966820353313,3.30833903493436,1.5,-24.4990398206766,2.52413882465593,0.0468236
development,p232,1,type_pause,change,combined,1.65576775364437,-0.951859222969541,5.37437563128828,0.844021183349044,3.38048514511665,1.5,-20.1725942577176,2.17561214783816,0.0490756
development,p232,1,type_pause,oracle,combined,1.09371424580125,-2.53786776283043,3.79820176719318,0.828641770633466,3.59132341617706,2.1,-7.27959800575756,4.41889068394207,0.0479556
development,p232,2,level_active,noisy,combined,2.78035112061604,-1.5278341526089,-0.902137276167497,0.928419186584877,2.79359434069624,NaN,NaN,0,0
development,p232,2,level_active,fixed,combined,3.53473702362496,-1.43864179879211,1.81674698688766,0.919905347907211,4.62539835819696,NaN,-15.730088111363,1.31402230199139,0.0477981
development,p232,2,level_active,snr,combined,3.55328405911394,-1.19569093968782,1.7916319967775,0.9263836444937,4.23799492444221,NaN,-22.4326938355554,0.85830360312697,0.0466651
development,p232,2,level_active,change,combined,4.06891067814611,-1.09724843252151,2.90983568787578,0.925152772309161,4.44778619166795,NaN,-25.3226474972043,0.734372836636873,0.0472107
development,p232,2,level_active,oracle,combined,5.41171408438206,-0.304093681210806,7.32840433946447,0.917287765757265,6.404849388998,NaN,-13.8824174685836,2.63647252868318,0.0466115
development,p232,2,type_active,noisy,combined,-0.0473044448044212,8.04193239094467,-8.59895035260314,0.814698085567799,1.50599020451366e-11,2.1,NaN,0,0
development,p232,2,type_active,fixed,combined,3.14440166537412,10.3483368845634,-6.20830354211101,0.807392339573466,4.32099424494085,2.1,-16.1664359825776,4.00489443424986,0.0468194
development,p232,2,type_active,snr,combined,2.74135596616515,10.3994777993396,-6.52596343332372,0.815137687516513,3.57387793357904,2.1,-20.70834060351,3.18408711592721,0.0480424
development,p232,2,type_active,change,combined,2.93285898763829,10.7241190366356,-7.30614072907401,0.809984944475111,3.72862359809735,2.1,-20.1291114112327,3.70420676275838,0.0473017
development,p232,2,type_active,oracle,combined,2.78829721073947,9.6849647776361,-7.05404899793821,0.80622769844464,4.1342201373576,2.1,-13.34281094662,4.51546464226416,0.0469829
development,p232,2,onset_active,noisy,combined,3.20999169925645,8.04193239094467,-8.59895035260314,0.882863088733987,3.25259156083185,2.1,NaN,0,0
development,p232,2,onset_active,fixed,combined,2.76316934515282,8.7842585362359,-8.34869930758389,0.86713589139211,3.43933333221333,2.1,-25.8615795846099,1.10126532949703,0.049133
development,p232,2,onset_active,snr,combined,2.75692980931177,8.44014749777059,-8.52326037961003,0.872555404994358,3.25975894644437,2.1,-34.5418789946335,0.522519208624088,0.0474637
development,p232,2,onset_active,change,combined,3.13165018978898,8.36873989644974,-8.45385040716129,0.876645214440801,3.36938610472939,2.1,-36.4580236204908,0.407098542264595,0.0458773
development,p232,2,onset_active,oracle,combined,3.20401691248245,8.93174636858667,-7.87575357292221,0.865929850491951,3.90812732949049,2.1,-22.6831042907692,1.35255747573811,0.0455929
development,p232,2,offset_active,noisy,combined,2.79315405352323,181.049589126891,174.597498322994,0.867581949230591,2.7808144276376,0,NaN,0,0
development,p232,2,offset_active,fixed,combined,3.57067976770927,9.88630228379187,10.1298344096151,0.855605386089257,5.15164839315603,NaN,-8.0303833581018,NaN,0.0469647
development,p232,2,offset_active,snr,combined,4.8693034265687,9.83108418975274,15.4481935646049,0.851189955985694,6.09353578764593,NaN,-8.19929177185517,NaN,0.045542
development,p232,2,offset_active,change,combined,6.17269380560368,13.9158250177969,21.7282208440378,0.867454881679324,7.08937313111698,NaN,-12.9797337915507,NaN,0.0464224
development,p232,2,offset_active,oracle,combined,3.95421392255596,10.4559091349503,10.7056412487126,0.856130544430396,5.42249306589668,NaN,-9.13593748886292,NaN,0.0455987
development,p232,2,type_pause,noisy,combined,-0.0571421903239278,6.41592005913722,-7.74123467151816,0.805128734906794,1.45034850969372e-11,2.1,NaN,0,0
development,p232,2,type_pause,fixed,combined,3.16199899902813,9.01145112837153,-5.40094910941119,0.799273867800649,4.24914002078995,2.1,-14.4761255757852,4.66151862289935,0.0487801
development,p232,2,type_pause,snr,combined,2.71294429760463,8.95881864783196,-5.76020473006995,0.806316450716908,3.43894574598065,2.1,-20.2200938227886,3.39694155433654,0.0465411
development,p232,2,type_pause,change,combined,3.22072369243946,9.83650976842023,-7.11200025208216,0.804084430333995,4.06680521554916,2.1,-18.2367640383588,4.64054805854841,0.0466879
development,p232,2,type_pause,oracle,combined,2.65061471688298,8.1543547390195,-6.43733914385113,0.799283583532384,4.00948523756477,2.1,-11.1037937229066,4.99791319528796,0.0481608
development,p232,3,level_active,noisy,combined,1.5292400485958,1.45548166330411,-0.679560396831417,0.976067802135749,1.51993228195951,NaN,NaN,0,0
development,p232,3,level_active,fixed,combined,1.63893803748104,2.44611611159494,-0.136304926194346,0.956492942641418,2.92421899333305,2.7,-16.2292930282045,2.24858630227392,0.0464325
development,p232,3,level_active,snr,combined,1.80504853351855,2.6697420677505,0.166731841867255,0.965387371994168,2.72751820855431,2.7,-22.0110707321987,1.8166615716722,0.0466116
development,p232,3,level_active,change,combined,3.37820377274551,3.29547446811868,1.50672438282224,0.958888577207772,4.17033156171679,NaN,-21.9546698544935,2.17968902412342,0.0461606
development,p232,3,level_active,oracle,combined,2.50975395008691,2.09118936605371,1.38802735190586,0.953303256513758,3.83166182341272,NaN,-14.227072247549,2.00247538329956,0.0464234
development,p232,3,type_active,noisy,combined,-0.112777153812282,1.59068395978432,-0.0714422389902106,0.88126805613441,1.63125634241848e-11,0,NaN,0,0
development,p232,3,type_active,fixed,combined,1.8275082013981,3.26625181494084,2.28018024165912,0.868603052925524,2.98999712659327,2.1,-21.6129660068228,2.28818385315292,0.0467586
development,p232,3,type_active,snr,combined,1.69824287676862,3.20025243236981,2.2855708181066,0.868472842560017,2.73093274331675,2.1,-23.2629102222815,2.05495342210531,0.0461705
development,p232,3,type_active,change,combined,2.31974330069322,3.38052330841737,2.78359532374501,0.8743727337222,2.94733052900526,2.1,-29.7182151349526,1.92816470720404,0.0466606
development,p232,3,type_active,oracle,combined,2.37069547704589,3.73640233460652,3.19166389218985,0.865770847575901,3.61944999341703,2.1,-21.9352469424746,2.6441219986748,0.0469385
development,p232,3,onset_active,noisy,combined,1.59799269433341,1.59068395978432,-0.0714422389902106,0.931208924097892,1.72699627044466,0,NaN,0,0
development,p232,3,onset_active,fixed,combined,0.73031945364665,1.56385506178376,-0.0948224310992888,0.908483380892197,1.6898601687655,0,-23.9436327490765,0.363275192659853,0.0481277
development,p232,3,onset_active,snr,combined,0.821876484213162,1.53077210216537,-0.0401477965886577,0.913281318281645,1.64331015718979,0,-25.2682839794921,0.214932497191947,0.0469204
development,p232,3,onset_active,change,combined,1.32663040164718,1.67557414289299,0.000512063900170844,0.919147747771073,1.74404728476583,0,-48.6767573871977,0.0926678088267353,0.0483139
development,p232,3,onset_active,oracle,combined,0.728581194544873,1.60799135471303,-0.189448782351116,0.906609706521677,1.67961081794891,0,-30.0685972307517,0.170355082568855,0.0502091
development,p232,3,offset_active,noisy,combined,4.81896029015472,181.323888047011,179.570224484526,0.863306218225261,4.83985029242456,0,NaN,0,0
development,p232,3,offset_active,fixed,combined,6.22898797839365,9.90941300486139,11.4846890977531,0.848266625709695,6.31548379974387,NaN,-7.31263408099365,NaN,0.048058
development,p232,3,offset_active,snr,combined,6.6879449541719,9.25305434812076,12.8224699113618,0.848075271999283,6.98646711772569,NaN,-7.32724035343499,NaN,0.0466164
development,p232,3,offset_active,change,combined,8.17914574521682,15.3086691298391,16.346894140651,0.858364329919654,8.73155094179132,NaN,-14.1670096756198,NaN,0.0466772
development,p232,3,offset_active,oracle,combined,6.7416371001157,9.42597014893825,13.3301693979481,0.85187409055211,6.98810197421186,1.8,-8.6909158741652,NaN,0.0470295
development,p232,3,type_pause,noisy,combined,-0.0869498796787081,-0.735023733467745,0.913421182485113,0.8935898253854,1.45719523470623e-11,0,NaN,0,0
development,p232,3,type_pause,fixed,combined,1.98606968688414,1.15661824505032,3.05236004036742,0.885637122349245,2.83864069862541,2.1,-24.0184621164118,2.31308744228522,0.0474813
development,p232,3,type_pause,snr,combined,1.81358008740792,1.11390493575836,3.08036238617383,0.883951763054914,2.54126190171593,2.1,-28.1102648245609,2.03294087315555,0.0489414
development,p232,3,type_pause,change,combined,2.77206988104475,1.26147610184691,4.63576744649465,0.884008065689499,3.64434687514261,NaN,-24.3247658210282,2.12397496782598,0.046053
development,p232,3,type_pause,oracle,combined,2.34482788929011,0.825892165946097,4.07347502077647,0.884228617987595,3.52018272427211,NaN,-17.056860451523,2.59316520492167,0.0485237
held_out,p257,1,level_active,noisy,combined,2.56748219161517,3.58188895737742,-1.28547466917144,0.973470312552051,2.57026330184009,NaN,NaN,0,0
held_out,p257,1,level_active,fixed,combined,0.881480301837404,3.03384520751992,-4.35658447703848,0.93628968127784,3.2718970610457,NaN,-11.5925671091484,2.00089579913239,0.0483973
held_out,p257,1,level_active,snr,combined,1.50669052784278,3.98376576215586,-1.10936710108885,0.947520874405625,3.36265097313974,NaN,-18.5165775935651,1.44601957449274,0.0490093
held_out,p257,1,level_active,change,combined,3.43615850267801,5.05096205039968,0.656936483089015,0.948512647894448,4.55758574731828,NaN,-19.6355473021435,1.99748920734251,0.0548674
held_out,p257,1,level_active,oracle,combined,3.21320588869695,5.84555032091937,-0.385069175362646,0.934952356596446,4.87198042653429,NaN,-15.9208358205801,3.47470897985436,0.0496073
held_out,p257,1,type_active,noisy,combined,0.0125348405024122,1.63040672269264,-1.72600037457495,0.920595780936707,2.34861954478418e-11,1.7,NaN,0,0
held_out,p257,1,type_active,fixed,combined,2.2953030723701,2.53248234293961,1.6459370380597,0.891984586104697,4.28386118490724,NaN,-11.9445538096402,3.32031902216901,0.0475058
held_out,p257,1,type_active,snr,combined,2.6791958062783,3.28751858716063,3.92939257570163,0.8980376915598,4.34968617073929,1.8,-18.1885996882251,2.74265968721672,0.0478386
held_out,p257,1,type_active,change,combined,4.16070054016027,4.45858378895609,4.2402148399653,0.907556772080987,5.03046968639083,1.7,-21.419299690891,3.22750994092139,0.0479375
held_out,p257,1,type_active,oracle,combined,3.53995575001982,4.86229526193942,4.28725376204267,0.892194629580458,5.11947109154318,NaN,-16.2236907147374,4.31507190523658,0.0482943
held_out,p257,1,onset_active,noisy,combined,2.9686247765315,1.63040672269264,-1.72600037457495,0.980086476079995,2.97840923058207,1.7,NaN,0,0
held_out,p257,1,onset_active,fixed,combined,0.0466032063633877,0.314677932161677,-5.63950842490597,0.942910285674619,2.50613930197941,1.7,-12.8052547385739,0.754014546777753,0.0473239
held_out,p257,1,onset_active,snr,combined,1.02742223996449,1.61110468909453,-1.57410831829245,0.951939834090511,2.63980367605566,1.7,-23.2269031051139,0.500341648200668,0.0475819
held_out,p257,1,onset_active,change,combined,2.23715344070251,1.73742401727027,-1.37875949122289,0.963964337240984,2.92630209587996,1.7,-51.6923935828002,0.10964184182072,0.0495158
held_out,p257,1,onset_active,oracle,combined,0.420626826995358,1.16088341276242,-5.17197763381038,0.943898215573154,2.5419869597655,1.8,-17.7658641536511,0.292508069057548,0.0464466
held_out,p257,1,offset_active,noisy,combined,3.05538214823471,179.449185496851,172.43826090418,0.916797236162146,3.04242659323127,0,NaN,0,0
held_out,p257,1,offset_active,fixed,combined,3.49464320950478,14.2256232031888,10.8006472081405,0.877344780458554,5.04453873534934,NaN,-10.1146960807328,NaN,0.0479336
held_out,p257,1,offset_active,snr,combined,5.13935344804793,15.3103942197588,10.9369027811886,0.878898513943126,6.09725569448312,NaN,-11.2365233060389,NaN,0.0465029
held_out,p257,1,offset_active,change,combined,6.73991539785805,22.7225902056614,18.0734335906374,0.894899458603274,7.53383883947498,NaN,-22.3591170854326,NaN,0.0469558
held_out,p257,1,offset_active,oracle,combined,4.14950899799762,15.5451568742677,12.1583051026345,0.879660745876395,5.56150164278548,NaN,-14.8074148866957,NaN,0.0476413
held_out,p257,1,type_pause,noisy,combined,0.0289165593103534,-1.09144712707036,1.65824065481617,0.905081520783071,2.89211450493033e-11,1.7,NaN,0,0
held_out,p257,1,type_pause,fixed,combined,2.35832406491624,-1.16929509727242,6.18201003030705,0.87546709393684,4.32699957738809,NaN,-7.44734934112298,4.49168497603674,0.0470647
held_out,p257,1,type_pause,snr,combined,2.7268809626088,0.910542417560118,8.50193300269078,0.882010374654521,4.55610088300316,NaN,-14.3582536515543,3.69148180563865,0.047413
held_out,p257,1,type_pause,change,combined,3.93357959585165,1.73183443019838,6.76666916605782,0.884905804693894,5.10207807064147,1.7,-19.5452161443169,3.36120769026792,0.0466034
held_out,p257,1,type_pause,oracle,combined,3.38170480530973,1.85378273249425,8.35212393633288,0.878996738556953,4.98209651516845,NaN,-11.5902305605014,5.23708216228126,0.048096
held_out,p257,2,level_active,noisy,combined,2.16942357270319,-0.16785792112508,0.0332304010545756,0.985323155823222,2.16295722687729,1.9,NaN,0,0
held_out,p257,2,level_active,fixed,combined,1.96031523001243,-0.540792872223023,1.43803166556749,0.968384356385313,3.29366150990793,1.9,-16.9460349438599,0.785228306523417,0.0472974
held_out,p257,2,level_active,snr,combined,2.24264333727312,-0.053836009184707,1.95361399858008,0.972235303890784,3.29337551204713,1.9,-22.8455584298313,0.708318978912467,0.047895
held_out,p257,2,level_active,change,combined,3.74975927817109,0.237822321825968,4.49308336295111,0.974695174801196,4.15582300266513,NaN,-22.7944992114073,0.755303321526751,0.0481114
held_out,p257,2,level_active,oracle,combined,2.3600731309626,-0.362201052589848,3.29959741506962,0.966888154203381,3.60904527673374,1.9,-17.5439750465833,0.645900964824403,0.0471094
held_out,p257,2,type_active,noisy,combined,0.00123393180214837,4.99969739755901,-3.40198796824371,0.929762674073626,2.09721937425503e-11,0.8,NaN,0,0
held_out,p257,2,type_active,fixed,combined,3.42900255112484,8.90643746553988,-0.0188254389077143,0.923015066840462,4.6872456824008,0.8,-16.9449239520804,5.26921851956083,0.0472134
held_out,p257,2,type_active,snr,combined,3.17095441213361,8.67105057685024,-0.0890739107851373,0.921800494288624,4.2869922234105,0.8,-20.0686001774401,4.55147215041822,0.0470339
held_out,p257,2,type_active,change,combined,4.1565336937772,9.10522359511063,0.769377509865235,0.920647810132937,5.06116253046899,0.4,-16.9256436572118,5.44350184334971,0.0487983
held_out,p257,2,type_active,oracle,combined,4.01095840460276,8.69239927808468,0.644192585149965,0.921449931942135,5.27218451935661,0.7,-14.1010433492782,5.95935981722542,0.047416
held_out,p257,2,onset_active,noisy,combined,2.50211922410439,4.99969739755901,-3.40198796824371,0.956025715731515,2.48617342558945,0.8,NaN,0,0
held_out,p257,2,onset_active,fixed,combined,1.53153937495318,4.87179799445009,-3.56447435469268,0.940648971282185,2.57936997134493,0.8,-20.2530005440421,0.623276064261894,0.0532391
held_out,p257,2,onset_active,snr,combined,1.67589210409212,5.07248798128142,-3.25921535819773,0.940050971697547,2.49896895196528,0.8,-25.6542393668443,0.42463373076087,0.0527104
held_out,p257,2,onset_active,change,combined,2.55227309758275,5.23856485711392,-3.12084095093466,0.949842038433102,2.72797555779929,0.8,-46.8970934356558,0.239706924170843,0.0521561
held_out,p257,2,onset_active,oracle,combined,1.50280721785556,4.60548361247317,-3.88255779253704,0.939036690913953,2.5800219869262,0.8,-18.4165038239442,0.317428238697387,0.0506177
held_out,p257,2,offset_active,noisy,combined,3.60520822127227,181.549160689075,176.30027665769,0.930787098191796,3.60647501844143,0,NaN,0,0
held_out,p257,2,offset_active,fixed,combined,8.15798215876962,13.5897832698845,11.7204914973823,0.909369017405346,8.21859339033988,NaN,-10.8042329927381,NaN,0.0472324
held_out,p257,2,offset_active,snr,combined,7.92318176653034,14.0214934634428,11.4944826882952,0.907379296349102,8.13482460187044,NaN,-10.9985643235566,NaN,0.0475844
held_out,p257,2,offset_active,change,combined,9.17777317013279,18.374465311916,21.1192595421999,0.920414944724386,9.6489676722434,2.3,-17.9076334166717,NaN,0.0470759
held_out,p257,2,offset_active,oracle,combined,8.64861047270551,14.6126701358317,13.4582490701439,0.914499534058882,8.88135219255251,NaN,-13.4654756816543,NaN,0.0481462
held_out,p257,2,type_pause,noisy,combined,0.00980030855046808,3.20774002780382,-1.603826000188,0.943908479254286,2.09953376017474e-11,0.8,NaN,0,0
held_out,p257,2,type_pause,fixed,combined,3.67078485619852,7.03223974321678,1.81635964337322,0.935001543099074,4.82798777734372,0.4,-15.3665493221181,5.4059747200468,0.0472771
held_out,p257,2,type_pause,snr,combined,3.32595884618573,7.06514853159602,1.77473661024385,0.934413758866078,4.34554436973245,0.8,-19.9488188759782,4.68207515838824,0.047859
held_out,p257,2,type_pause,change,combined,4.24423600545709,7.27646679300524,3.50456887201426,0.931837775101367,5.37803032029908,0.1,-17.919948125134,4.96370834872384,0.0464451
held_out,p257,2,type_pause,oracle,combined,3.93438040063509,5.94426860482964,2.45988118043336,0.934880597230093,5.27480753125468,0.7,-10.6298418717473,5.93245811454856,0.0466905
held_out,p257,3,level_active,noisy,combined,2.40863756665297,3.69777207404995,1.05584075988519,0.979531266586392,2.41770204585042,NaN,NaN,0,0
held_out,p257,3,level_active,fixed,combined,1.04216561543727,2.78612793346653,2.14513790857213,0.948299743832758,3.01737803960071,NaN,-11.6594555462488,1.61823891791717,0.0483357
held_out,p257,3,level_active,snr,combined,2.33166561909097,5.00826135287428,3.81392840084134,0.959282766338069,3.68326969160227,NaN,-19.8281576320731,2.14727864507972,0.0517673
held_out,p257,3,level_active,change,combined,4.99093924211653,6.57321379364084,9.55549982155607,0.966523030280063,5.77031713900871,NaN,-25.8571297210759,3.04065369427211,0.0569282
held_out,p257,3,level_active,oracle,combined,2.64304791356175,4.72154931840744,5.28019911614826,0.94854942529949,4.13876641144667,NaN,-17.9623123079742,1.7323037495217,0.0578621
held_out,p257,3,type_active,noisy,combined,-0.00928088845472146,5.23551709722312,-1.90710714099097,0.907806541876492,1.05458851742139e-11,NaN,NaN,0,0
held_out,p257,3,type_active,fixed,combined,0.23742009397673,6.3395001525298,0.270164680830249,0.891298626232881,2.25517149476455,NaN,-12.3492207297753,3.60157029414808,0.0490793
held_out,p257,3,type_active,snr,combined,1.40386895908877,8.27727809250477,1.31671852253456,0.891557548998587,2.83367873550424,NaN,-18.8573300294744,4.10911788293241,0.0485161
held_out,p257,3,type_active,change,combined,1.70669749322532,8.03681506257892,2.65831210605009,0.898909167174388,3.11042432887696,0.1,-15.4963532141627,4.43084057763271,0.0483214
held_out,p257,3,type_active,oracle,combined,1.23478722554668,8.53132230562765,2.06098954370964,0.892581724612055,2.90116298108123,0.3,-17.6249358675036,4.44540544220922,0.0474448
held_out,p257,3,onset_active,noisy,combined,2.7684343179965,5.23551709722312,-1.90710714099097,0.939285327895167,2.79290304010132,NaN,NaN,0,0
held_out,p257,3,onset_active,fixed,combined,0.850726238791816,4.05656554663277,-2.13531617840293,0.913994684381151,2.70996145544694,2.3,-13.1285658662297,0.936998351530992,0.0515507
held_out,p257,3,onset_active,snr,combined,1.51318488265949,5.53692550687752,-1.65518455770668,0.915716974598126,2.69818513409048,NaN,-27.2969900925252,0.647039927903106,0.0556564
held_out,p257,3,onset_active,change,combined,2.23659939405755,5.64136188485637,-1.60395650615251,0.929805742519011,2.88044400206547,NaN,-40.7852816114565,0.43675004542289,0.0519717
held_out,p257,3,onset_active,oracle,combined,1.52571094966669,5.43611499965682,-1.79140493218199,0.915082559445437,3.10822213349874,2.3,-18.8691354324078,0.890221575811584,0.0526292
held_out,p257,3,offset_active,noisy,combined,3.25614358671329,179.584401752184,175.580643133209,0.935271241200772,3.23915531650335,0,NaN,0,0
held_out,p257,3,offset_active,fixed,combined,7.21565404282209,14.0433958976669,11.9909710104124,0.904977271502489,7.34126320365109,NaN,-9.88062453035518,NaN,0.0501813
held_out,p257,3,offset_active,snr,combined,7.3958126253532,14.4132077502494,13.750231232816,0.907472052099884,7.66604184978773,NaN,-10.6865085011815,NaN,0.0602056
held_out,p257,3,offset_active,change,combined,7.79310203715719,20.7284821021403,14.66171751639,0.924603399180386,8.45352390235542,NaN,-20.1217549126063,NaN,0.0524952
held_out,p257,3,offset_active,oracle,combined,7.71658378315644,16.88759274798,13.0600799992605,0.912560496534002,8.14536337743064,NaN,-16.4360839062953,NaN,0.0607448
held_out,p257,3,type_pause,noisy,combined,-0.0248626358519937,1.6882109842695,0.18330763288933,0.92425945337567,1.15188915879637e-11,NaN,NaN,0,0
held_out,p257,3,type_pause,fixed,combined,0.184831547194074,1.6924971121116,2.6649539895689,0.90736375284487,2.29264841773123,2.1,-8.3218546953588,4.14873007665335,0.0475034
held_out,p257,3,type_pause,snr,combined,1.32118075484729,5.05360695885889,3.91206402377194,0.908981459992551,2.89936073054571,NaN,-16.2384736161451,4.70202478080925,0.0472744
held_out,p257,3,type_pause,change,combined,2.13561610116713,5.45043106702058,5.05031107754107,0.912673473525015,3.65196061096757,0.2,-17.0237259637756,4.87358399732161,0.047609
held_out,p257,3,type_pause,oracle,combined,0.931487275679434,4.6773280189462,4.49884463797258,0.911104148130134,2.81400202843323,0.3,-13.1602666781045,4.94620216548507,0.0466553
