split,condition,system,GroupCount,mean_whole_si_sdr_db,std_whole_si_sdr_db,mean_transition_si_sdr_db,std_transition_si_sdr_db,mean_steady_si_sdr_db,std_steady_si_sdr_db,mean_stoi,std_stoi,mean_output_snr_db,std_output_snr_db,mean_settling_time_s,std_settling_time_s,mean_transition_speech_error_db,std_transition_speech_error_db,mean_transition_noise_suppression_db,std_transition_noise_suppression_db,mean_runtime_s,std_runtime_s
development,level_active,change,3,3.24346066129599,0.900414982115148,1.22940316731634,2.20792440759105,2.79503402878016,1.23491743854173,0.937927532586688,0.0182972011945669,4.09796868389396,0.391053035287214,1.4,0,-24.5594004876338,2.31929187519737,1.19566513997823,0.852743190902107,0.0511771333333333,0.00779717545674928
development,level_active,fixed,3,1.53155121849618,2.0589805851949,0.038052899328396,2.10319316455613,-0.166307820259566,1.99822519379232,0.928721595785127,0.0245791548892269,3.27405972095289,1.21480506876452,2.05,0.919238815542512,-13.8209791002551,3.74731997743379,1.63260670993473,0.533559171444372,0.0613355333333333,0.0246396291368871
development,level_active,noisy,3,2.05928719538101,0.647058950845997,0.334847796663143,1.62419821206388,-0.700781904988727,0.191627955317126,0.951184864249404,0.0238947637383985,2.05583747942686,0.660387636620417,2.7,0,NaN,NaN,0,0,0,0
development,level_active,oracle,3,3.11306472560186,2.0642124016657,1.08817276394132,1.24417916690404,3.02935819212507,3.75760664237952,0.926412244534265,0.0236857799139961,4.62542441292025,1.54401143685697,1.4,0,-13.2994607565108,1.319491929249,2.32734691314247,0.317291735555081,0.0495118,0.00518721902082417
development,level_active,snr,3,2.14719742930978,1.27006082123292,0.920476867098901,1.95866184563338,0.704320510506127,0.94165891411179,0.941210160566542,0.0211163282188493,3.19183880604626,0.907901099982313,2.7,0,-21.7363517385448,0.866983991589725,1.2059246969275,0.530598656806564,0.0543949,0.0134347653224759
development,offset_active,change,3,6.591245320598,1.42548062099221,14.3304825809183,0.85039835870601,16.6979794922625,4.86421061710411,0.86129496658613,0.00533673235151985,7.37728440667351,1.23572737493482,NaN,NaN,-13.2432053133938,0.824278837098887,NaN,NaN,0.0468625333333333,0.000556450512923956
development,offset_active,fixed,3,4.67587735245954,1.38460109962939,10.2513318878342,0.612344387437994,9.90526176044498,1.70285635621522,0.849171584943544,0.00603244731779368,5.44900911497519,0.762591791540493,0.3,0,-7.52731089045871,0.437229971455841,NaN,NaN,0.0476086666666667,0.000572047046433537
development,offset_active,noisy,3,3.9190006200286,1.03162076101669,181.22078256266,0.149288148360564,177.597465632309,2.64071378232248,0.868313606359046,0.00541044816064372,3.91797807896651,1.04626477315024,0,0,NaN,NaN,0,0,0,0
development,offset_active,oracle,3,5.12380204716419,1.44676396633183,10.1712440778428,0.651393873405743,11.1816981143472,1.95442177909444,0.851458057806212,0.00489378401028028,5.97007055171685,0.882483990420561,0.95,1.20208152801713,-9.25688774312364,0.635143733270656,NaN,NaN,0.0470028666666667,0.00139104123710742
development,offset_active,snr,3,5.72732716137923,0.913651140770179,10.2834661121067,1.31625888853275,13.4097376707769,1.81743402270774,0.848370301735899,0.00268432687711575,6.411802064086,0.498634976482391,NaN,NaN,-8.02297327266091,0.626467815529885,NaN,NaN,0.0460961333333333,0.000538000049566294
development,onset_active,change,3,1.85738899503526,1.10865738511678,3.58026108157931,4.17574049002155,-2.66370269827014,5.01972646551276,0.896726548152432,0.0213476594553086,2.37072020137578,0.87419428993788,1.2,1.0816653826392,-38.4180856081977,9.43263256289175,0.284009440566642,0.167959749420548,0.0469291333333333,0.00125195381038333
development,onset_active,fixed,3,1.0168406235727,1.62215851144358,3.25217091274539,4.91065094085677,-3.35337052104486,4.3924852036275,0.886907911688572,0.0207326564376232,2.40284241881922,0.918508290026964,1.23333333333333,1.09696551146029,-20.6723645713394,7.38948319471502,0.859278648654306,0.429593705797818,0.0480031,0.00119707339373992
development,onset_active,noisy,3,2.33295272880593,0.815337363307174,3.38729836423479,4.06581587151363,-2.76324301687211,5.05892379763707,0.910343595960368,0.0248425118504888,2.36614774879907,0.792291216179357,1.2,1.0816653826392,NaN,NaN,0,0,0,0
development,onset_active,oracle,3,1.0467711643565,2.01706224872306,3.43111034674562,4.85308618347214,-3.76648123751145,3.8706950023201,0.884084848320629,0.0206889930012391,2.52702335716803,1.20631313094042,1.23333333333333,1.09696551146029,-21.464298046361,9.27396499295775,0.859755354235009,0.615133114934833,0.0474203333333333,0.00245365990783836
development,onset_active,snr,3,1.42280003403906,1.15728188852987,3.50785363748839,4.29939844670643,-2.72395457223303,5.02698223953488,0.892132378841817,0.0204084127295238,2.26383578441944,0.871159660405851,1.2,1.0816653826392,-28.2974132377938,5.40866737055784,0.372420455270448,0.153926432175437,0.0480359333333333,0.00148667782768606
development,type_active,change,3,2.46700871509992,0.41243174619277,5.45143728217857,4.60115064369803,-0.305939412810944,6.07623882242276,0.836070707976645,0.0338876769407839,3.37988277167228,0.397332329507927,1.9,0.346410161513776,-24.7383114595023,4.80528807049777,2.54254515720211,1.0065877225539,0.0500832666666667,0.00538257705410088
development,type_active,fixed,3,2.1261051363441,0.906657448080162,5.06035895963087,4.65771746729196,-0.51812582006294,4.92806052232313,0.829305738999682,0.0341077442784577,3.64032021394809,0.666017430025054,1.9,0.346410161513776,-16.6077564625941,4.79979008593904,3.233065364009,0.871340441626986,0.0505142666666667,0.00645242275221744
development,type_active,noisy,3,-0.0350490188547413,0.0845248474199427,3.38729836423479,4.06581587151363,-2.76324301687211,5.05892379763707,0.845422788844284,0.0335790913690831,1.91557222380583e-11,6.0418840087508e-12,1.2,1.0816653826392,NaN,NaN,0,0,0,0
development,type_active,oracle,3,2.26349549642709,0.585804923838028,5.22262717104945,3.93564279376507,-0.486032869324198,5.70167674369645,0.826024528497715,0.0344214066590716,3.87107209826154,0.257578552374663,1.93333333333333,0.288675134594813,-15.5500394340047,5.61686038736817,3.67524436336883,0.950164999987228,0.0476096666666667,0.0011242624441532
development,type_active,snr,3,2.13106128850172,0.543732101355087,5.24208782501718,4.49857996868485,-0.304906923263288,5.41263435055263,0.835681700488394,0.0286993696667355,3.20458152263951,0.431052445807905,1.9,0.346410161513776,-21.9138852070129,1.28331463628681,2.48041407682646,0.613830043861983,0.0485995666666667,0.00275030808153075
development,type_pause,change,3,2.54952044237619,0.805864729394006,3.38204221576587,5.69823015121547,0.966047608566922,7.00553555710511,0.844037893124179,0.0399618202979087,3.69721241193614,0.346200640532301,1.8,0.424264068711929,-20.9113747057015,3.11051263286116,2.98004505807085,1.43826953681712,0.0472721666666667,0.00159375448025514
development,type_pause,fixed,3,2.16041401822709,0.926794343895524,2.89872034092871,5.45448405221527,0.479821497425326,5.10616376909976,0.83896812615041,0.0436020430725889,3.58174159129063,0.708290358295027,1.9,0.346410161513776,-16.1636686528257,7.1617232326727,3.74009472522419,1.2531931902589,0.0478034333333333,0.000861992327885425
development,type_pause,noisy,3,-0.0553106170948005,0.0325936684600725,1.0253638207403,4.76104954689594,-1.65192411554048,5.29523515457512,0.85205780072085,0.0444768161185478,1.85604107487077e-11,6.96759107341302e-12,1.2,1.0816653826392,NaN,NaN,0,0,0,0
development,type_pause,oracle,3,2.02971895065811,0.824896964243391,2.14745971404506,5.46724895129238,0.478112548039507,5.99053819937653,0.837384657384482,0.0431421287282523,3.70699712600465,0.264366304088828,2.1,0,-11.8134173933957,4.92710762503038,4.00332302805056,1.25507991050771,0.0482133666666667,0.00028767489173255
development,type_pause,snr,3,2.11564312156673,0.517289247868982,3.1983186887678,5.05181899252433,0.726572229018123,5.6877140982044,0.845411678041712,0.0388206332727138,3.09618222754365,0.48499170534674,1.9,0.346410161513776,-24.2764661560087,3.9497916257006,2.65134041738267,0.690839813893003,0.0474353666666667,0.00131188942496437
held_out,level_active,change,3,4.05895234098854,0.822214114147331,3.95399938862216,3.30708203501012,4.90183988919873,4.46334166241954,0.963243617658569,0.0133957862465088,4.82790862966404,0.840507986048758,NaN,NaN,-22.7623920782089,3.1109154761732,1.93114874104712,1.14411860165503,0.0533023333333333,0.00461205657091642
held_out,level_active,fixed,3,1.29465371576237,0.582051442028055,1.75972675625447,1.99615477424066,-0.257804967632953,3.56721108287216,0.950991260498637,0.0162157404713937,3.19431220351811,0.153615417779052,1.9,0,-13.3993525330857,3.07169914020332,1.46812100785766,0.621581373061502,0.0480101333333333,0.000618013141715717
held_out,level_active,noisy,3,2.38184777699044,0.200376983820868,2.37060103676743,2.19913338268987,-0.065467836077225,1.17377403749374,0.979441578320555,0.0059269306045802,2.38364085818927,0.205778237561868,1.9,0,NaN,NaN,0,0,0,0
held_out,level_active,oracle,3,2.7387756444071,0.434547723983746,3.40163286224565,3.30766970347122,2.73157578528508,2.87503089246481,0.950129978699772,0.0160264594962871,4.20659737157157,0.634194037747153,1.9,0,-17.1423743917125,1.07836398152022,1.95097123140016,1.42702498128019,0.0515262666666667,0.00562734076836771
held_out,level_active,snr,3,2.02699982806896,0.452794177956612,2.97939703528181,2.67633608322705,1.55272509944419,2.48600956995731,0.959679648211493,0.0123619938768107,3.44643205892971,0.208011587573515,1.9,0,-20.3967645518232,2.21979822102836,1.43387239949497,0.719556735504131,0.0495572,0.00199344491521587
held_out,offset_active,change,3,7.90359686838268,1.22267921396242,20.6085125399059,2.17654360048203,17.9514702164091,3.23049818948485,0.913305934169348,0.0160774545484001,8.54544347135793,1.06055617492723,2.3,0,-20.1295018049035,2.22575194576267,NaN,NaN,0.0488423,0.00316407408415163
held_out,offset_active,fixed,3,6.2894264703655,2.46578702971622,13.9529341235801,0.327430304987645,11.5040365719784,0.623984967457093,0.897230356455463,0.0173608455314093,6.86813177644677,1.63906856133997,NaN,NaN,-10.266517867942,0.480156786112495,NaN,NaN,0.0484491,0.00154055444240053
held_out,offset_active,noisy,3,3.30557798540676,0.278226521882108,180.194249312703,1.17533377697282,174.773060231693,2.05376094694732,0.927618525184905,0.00963597980055921,3.29601897605868,0.286291395834791,0,0,NaN,NaN,0,0,0,0
held_out,offset_active,oracle,3,6.83823441795319,2.37467928896607,15.6818065860265,1.1436009271633,12.8922113906796,0.666031892611934,0.902240258823093,0.0195784516832487,7.52940573758954,1.74353227063799,NaN,NaN,-14.9029914915484,1.4876086419561,NaN,NaN,0.0521774333333333,0.00742385073282952
held_out,offset_active,snr,3,6.81944927997716,1.47870587207732,14.581698477817,0.660763296396816,12.0605389007666,1.48963719440075,0.89791662079737,0.0164702289646175,7.29937404871376,1.06712497878468,NaN,NaN,-10.9738653769257,0.275837995686045,NaN,NaN,0.0514309666666667,0.00761827100878758
held_out,onset_active,change,3,2.34200864411427,0.18209456893664,4.20578358641352,2.14712845058821,-2.03451898277002,0.947496695387968,0.947870706064366,0.0171644111995145,2.84490721858157,0.103829192244052,1.25,0.636396103067893,-46.4582562099708,5.46678209478323,0.262032937138151,0.164692994256653,0.0512145333333333,0.00147403257878967
held_out,onset_active,fixed,3,0.809622940036128,0.743320904504227,3.08101382441485,2.43014643335945,-3.77976631933386,1.76198859180254,0.932517980445985,0.0160814414318022,2.59849024292376,0.103247547912635,1.6,0.754983443527075,-15.3956070496152,4.20973113049893,0.771429654190213,0.157584526070865,0.0507045666666667,0.00304702378942688
held_out,onset_active,noisy,3,2.74639277287746,0.234032540247623,3.95520707249159,2.01678586679558,-2.34503182793655,0.919819073030227,0.958465839902226,0.020509731294594,2.75249523209095,0.248593272516243,1.25,0.636396103067893,NaN,NaN,0,0,0,0
held_out,onset_active,oracle,3,1.14971499817254,0.631512720573054,3.73416067496413,2.26689303375058,-3.61531345284313,1.70605761935891,0.932672488644181,0.0154260433169248,2.74341036006348,0.316508117353269,1.63333333333333,0.763762615825973,-18.3505011366677,0.554589167472739,0.500052627855507,0.338125878447042,0.0498978333333333,0.00315353638053112
held_out,onset_active,snr,3,1.4054997422387,0.337380139117597,4.07350605908449,2.14510860657258,-2.16283607806562,0.950357292588761,0.935902593462061,0.0184643079734865,2.61231925403714,0.102412484079844,1.25,0.636396103067893,-25.3927108548278,2.04760833491707,0.524005102288215,0.113075631443441,0.0519829,0.00408611426051695
held_out,type_active,change,3,3.34131057572093,1.4156179879302,7.20020748221522,2.43366997653266,2.55596815196021,1.73768053931328,0.909037916462771,0.0109447471843609,4.40068551524559,1.11750434426737,0.733333333333333,0.850490054811538,-17.9470988540885,3.09076880095663,4.3672841206346,1.10936224711614,0.0483524,0.000431236489643445
held_out,type_active,fixed,3,1.98724190582389,1.61793878343535,5.9261399870031,3.20701979196633,0.632425426660745,0.889540983966967,0.90209942639268,0.0181167228477478,3.74209278735753,1.30341127852237,0.8,0,-13.7462328304987,2.77752722714423,4.06370261195931,1.05343581774482,0.0479328333333333,0.00100357550953246
held_out,type_active,noisy,3,0.00149596128327971,0.0109102246571515,3.95520707249159,2.01678586679558,-2.34503182793655,0.919819073030227,0.919388332295608,0.0110277551854478,1.83347581215353e-11,6.86148362132334e-12,1.25,0.636396103067893,NaN,NaN,0,0,0,0
held_out,type_active,oracle,3,2.92856712672309,1.48564081809094,7.36200561521725,2.16631030452178,2.33081196363409,1.83645767399255,0.902075428711549,0.0167799282541628,4.43093953066034,1.32702395098591,0.5,0.282842712474619,-15.9832233105064,1.77421054257222,4.90661238822374,0.914032039737772,0.0477183666666667,0.000498980724410605
held_out,type_active,snr,3,2.41800639250023,0.912037653824101,6.74528241883855,3.00097687913484,1.71901239581702,2.03921516670379,0.903798578282337,0.0159232470566301,3.82345237655134,0.857742110509709,1.3,0.707106781186548,-19.0381766317132,0.952958330682983,3.80108324018912,0.942928755318112,0.0477962,0.000742009117194663
held_out,type_pause,change,3,3.43781056749196,1.13838028457212,4.81957743007473,2.82563607761282,5.10718303853772,1.63179361350033,0.909805684440092,0.0235970468969885,4.71068966730271,0.927209696923515,0.666666666666667,0.89628864398325,-18.1629634110755,1.27819032406858,4.39950001210445,0.900315949468547,0.0468858333333333,0.000631262420339854
held_out,type_pause,fixed,3,2.07131348943628,1.76061038306826,2.51848058601865,4.16268902985981,3.55444122108306,2.31476056569657,0.905944129960261,0.0297926023722924,3.81587859082101,1.34272853335365,1.25,1.20208152801713,-10.3785844528666,4.34177786814478,4.68212992424563,0.649898439803557,0.0472817333333333,0.00021938669816863
held_out,type_pause,noisy,3,0.00461807733627591,0.0272615498155454,1.26816796166765,2.18015587832296,0.0792407625058325,1.63352139580603,0.924416484471009,0.0194139555501976,2.04784580796715e-11,8.71263333977923e-12,1.25,0.636396103067893,NaN,NaN,0,0,0,0
held_out,type_pause,oracle,3,2.74919082720809,1.5982481751427,4.15845978542336,2.09402408075055,5.10361658491294,2.99231398828183,0.908327161305727,0.0280452341212739,4.35696869161879,1.34423938623708,0.5,0.282842712474619,-11.7934463701177,1.27739380150193,5.3719141474383,0.506764193123216,0.0471472666666667,0.00082181565045534
held_out,type_pause,snr,3,2.45800685454727,1.02907908508873,4.34309930267168,3.13821763933885,4.72957787890219,3.43730119470715,0.90846853117105,0.0262054572787417,3.93366866109377,0.901902535042531,0.8,0,-16.8485153812259,2.84477030680712,4.35852724827871,0.577764410264983,0.0475154666666667,0.000305473163032914
