condition,system,whole_si_sdr_db,transition_si_sdr_db,output_snr_db,settling_time_s,runtime_s
level_change,noisy,2.23221850357524,-0.174750437503581,2.21559325145644,NaN,0
level_change,fixed,3.09644353234394,0.587929015767731,4.08427410811178,NaN,0.1537032
level_change,snr,2.68391754871345,0.298519102529023,3.70914262775556,NaN,0.0697997
level_change,change,5.497225195634,1.40081996280693,5.90456161069922,NaN,0.0799156
level_change,oracle,4.92952631058877,2.18922855389712,5.8462335715276,NaN,0.0526659
noise_type_change,noisy,0.00456729578285745,0.317602422600712,3.44264905558159e-11,NaN,0
noise_type_change,fixed,4.25510415687519,3.44711545864715,5.35189605709721,1.4,0.0918225
noise_type_change,snr,3.8155882930081,2.99868995668749,4.95611215541496,1.4,0.0400034
noise_type_change,change,4.20786109484215,3.38973150302258,4.93722740041543,NaN,0.0381664
noise_type_change,oracle,4.93698176775505,3.82412556630399,6.00882380820302,NaN,0.0420941
noise_onset,noisy,2.56652491013432,0.317602422600712,2.54925218871904,NaN,0
noise_onset,fixed,1.89057016466749,0.556920526693099,2.67250227894434,NaN,0.0533051
noise_onset,snr,2.01034825290919,0.742238015730838,2.69874073657867,NaN,0.041922
noise_onset,change,2.67206790199509,0.499357667541719,2.73257159984111,NaN,0.044826
noise_onset,oracle,1.81392960750079,0.435719937398957,2.5125804331557,NaN,0.0422472
