split,replicate,system,relative_time_s,local_si_sdr_db
development,1,noisy,-0.45,-34.170016942564
development,1,noisy,-0.35,-18.5929390612761
development,1,noisy,-0.25,-9.40298953457313
development,1,noisy,-0.15,8.69316207610897
development,1,noisy,-0.05,12.581464535072
development,1,noisy,0.05,3.62724836912245
development,1,noisy,0.15,-0.370306429333152
development,1,noisy,0.25,3.02321491818027
development,1,noisy,0.35,-3.99927760606546
development,1,noisy,0.45,-5.8176405096745
development,1,noisy,0.55,-5.88494498555052
development,1,noisy,0.65,-3.31020291907169
development,1,noisy,0.75,1.82083731430825
development,1,noisy,0.85,0.11462225711029
development,1,noisy,0.95,-5.91983248397678
development,1,noisy,1.05,-3.25809878409435
development,1,noisy,1.15,-20.8146096486558
development,1,noisy,1.25,2.07778878328374
development,1,noisy,1.35,1.40157459436068
development,1,noisy,1.45,-1.06944654205435
development,1,noisy,1.55,1.78543842010477
development,1,noisy,1.65,-6.05180206933943
development,1,noisy,1.75,-4.7138640819195
development,1,noisy,1.85,-3.21079307887516
development,1,noisy,1.95,2.78065579671774
development,1,noisy,2.05,6.56510457109553
development,1,noisy,2.15,1.82408243434063
development,1,noisy,2.25,-2.0335936872908
development,1,noisy,2.35,-1.54049818927931
development,1,noisy,2.45,-3.84841182551579
development,1,fixed,-0.45,-47.74660624643
development,1,fixed,-0.35,-19.9204763774337
development,1,fixed,-0.25,-9.28788829857599
development,1,fixed,-0.15,9.55502221218188
development,1,fixed,-0.05,16.5798169892587
development,1,fixed,0.05,5.93769681084881
development,1,fixed,0.15,-1.51202627310576
development,1,fixed,0.25,4.35970051361803
development,1,fixed,0.35,-2.95131289188835
development,1,fixed,0.45,-4.96072963306226
development,1,fixed,0.55,-4.48542329056771
development,1,fixed,0.65,-2.57425392299938
development,1,fixed,0.75,2.12614435804526
development,1,fixed,0.85,1.87708656754011
development,1,fixed,0.95,-4.27039537267606
development,1,fixed,1.05,-4.04754094922284
development,1,fixed,1.15,-18.2964988296279
development,1,fixed,1.25,2.44582199142492
development,1,fixed,1.35,2.43532360049454
development,1,fixed,1.45,-0.164886014426189
development,1,fixed,1.55,4.40883251724155
development,1,fixed,1.65,-3.66747164524442
development,1,fixed,1.75,-5.78251817149804
development,1,fixed,1.85,-1.15245770419857
development,1,fixed,1.95,4.81713749068228
development,1,fixed,2.05,7.39037509210833
development,1,fixed,2.15,4.58091025575067
development,1,fixed,2.25,1.33067459194479
development,1,fixed,2.35,-0.493094055681228
development,1,fixed,2.45,-5.769387770221
development,1,snr,-0.45,-42.3318280666059
development,1,snr,-0.35,-18.1550664624724
development,1,snr,-0.25,-8.58517092157598
development,1,snr,-0.15,11.6270390340291
development,1,snr,-0.05,20.0635933903153
development,1,snr,0.05,6.11558702300642
development,1,snr,0.15,-0.0243209623708241
development,1,snr,0.25,5.05777464309668
development,1,snr,0.35,-2.50284936507238
development,1,snr,0.45,-4.22732472658629
development,1,snr,0.55,-4.15733277630705
development,1,snr,0.65,-1.44751240232464
development,1,snr,0.75,3.60491499446169
development,1,snr,0.85,2.24837027877907
development,1,snr,0.95,-3.68445463165052
development,1,snr,1.05,-1.66945955296936
development,1,snr,1.15,-18.2904020107643
development,1,snr,1.25,4.58865352690462
development,1,snr,1.35,3.38113938609199
development,1,snr,1.45,1.31573313498787
development,1,snr,1.55,4.85001672329861
development,1,snr,1.65,-2.89157105782725
development,1,snr,1.75,-2.49780388923764
development,1,snr,1.85,-0.826874392113534
development,1,snr,1.95,7.10602849175449
development,1,snr,2.05,9.49126366699067
development,1,snr,2.15,4.99156330597968
development,1,snr,2.25,2.44760637069484
development,1,snr,2.35,0.322902654336576
development,1,snr,2.45,-2.68546913940938
development,1,change,-0.45,-37.5583344949651
development,1,change,-0.35,-19.258254362775
development,1,change,-0.25,-8.8241267717624
development,1,change,-0.15,13.9503837230052
development,1,change,-0.05,20.0301823825519
development,1,change,0.05,4.89792611106237
development,1,change,0.15,0.0593648730922148
development,1,change,0.25,5.30248125687154
development,1,change,0.35,-2.43452412718555
development,1,change,0.45,-4.3166271140243
development,1,change,0.55,-4.02547064854539
development,1,change,0.65,-1.37599261804669
development,1,change,0.75,3.7707498159347
development,1,change,0.85,2.60106948657948
development,1,change,0.95,-3.20794454589069
development,1,change,1.05,-1.39405136010468
development,1,change,1.15,-18.2832334163125
development,1,change,1.25,4.91919132994484
development,1,change,1.35,3.67441743560054
development,1,change,1.45,1.89019688488595
development,1,change,1.55,5.10961984128056
development,1,change,1.65,-2.48574418038019
development,1,change,1.75,-1.93123515376254
development,1,change,1.85,-0.569517198442684
development,1,change,1.95,5.29853914442909
development,1,change,2.05,10.4000818513494
development,1,change,2.15,4.22433999197711
development,1,change,2.25,1.21143446625588
development,1,change,2.35,0.853938382607379
development,1,change,2.45,1.0182475383403
development,1,oracle,-0.45,-47.74660624643
development,1,oracle,-0.35,-19.9204763774337
development,1,oracle,-0.25,-9.28788829857599
development,1,oracle,-0.15,9.55502221218188
development,1,oracle,-0.05,16.1949566426498
development,1,oracle,0.05,5.36122624625439
development,1,oracle,0.15,-0.297840780586584
development,1,oracle,0.25,5.02020374865673
development,1,oracle,0.35,-2.88002922675003
development,1,oracle,0.45,-6.20705823025503
development,1,oracle,0.55,-4.76303500570047
development,1,oracle,0.65,-3.51728398668127
development,1,oracle,0.75,1.82107847586789
development,1,oracle,0.85,1.7307028240908
development,1,oracle,0.95,-3.68760851859132
development,1,oracle,1.05,-4.15087851972676
development,1,oracle,1.15,-17.1967721612333
development,1,oracle,1.25,3.10681420626071
development,1,oracle,1.35,3.47149692551637
development,1,oracle,1.45,0.355857090132676
development,1,oracle,1.55,4.48269614871594
development,1,oracle,1.65,-3.39731126299004
development,1,oracle,1.75,-5.74498426273352
development,1,oracle,1.85,-1.57141217427292
development,1,oracle,1.95,3.29256229407632
development,1,oracle,2.05,5.81943241102104
development,1,oracle,2.15,4.95952081143022
development,1,oracle,2.25,1.46122106389028
development,1,oracle,2.35,0.697400499798352
development,1,oracle,2.45,-4.7124639682483
development,2,noisy,-0.45,-8.3860863947164
development,2,noisy,-0.35,-2.82388981256356
development,2,noisy,-0.25,-1.63560301635672
development,2,noisy,-0.15,-3.00339040659632
development,2,noisy,-0.05,8.83703122586118
development,2,noisy,0.05,11.0312695667999
development,2,noisy,0.15,6.38887166979161
development,2,noisy,0.25,3.09929283776195
development,2,noisy,0.35,2.97133357735029
development,2,noisy,0.45,-0.778043386792434
development,2,noisy,0.55,11.9173758694546
development,2,noisy,0.65,9.33615419238272
development,2,noisy,0.75,4.26041042683325
development,2,noisy,0.85,2.15528596400178
development,2,noisy,0.95,4.30573560450762
development,2,noisy,1.05,6.91360458084935
development,2,noisy,1.15,5.63543042207974
development,2,noisy,1.25,1.84702038267565
development,2,noisy,1.35,-3.60937864567337
development,2,noisy,1.45,-5.89335130927132
development,2,noisy,1.55,-5.99395425376925
development,2,noisy,1.65,-30.3829649884722
development,2,noisy,1.75,-27.9586804274308
development,2,noisy,1.85,-26.2040168755407
development,2,noisy,1.95,-13.4186121007895
development,2,noisy,2.05,-15.827463439971
development,2,noisy,2.15,-9.03435531415
development,2,noisy,2.25,-13.0198374753135
development,2,noisy,2.35,-4.90043498879559
development,2,noisy,2.45,-2.08235009298854
development,2,fixed,-0.45,5.52785640649443
development,2,fixed,-0.35,-4.63552159254674
development,2,fixed,-0.25,5.0422788515735
development,2,fixed,-0.15,2.76712384682736
development,2,fixed,-0.05,15.3968115696293
development,2,fixed,0.05,14.7204860402068
development,2,fixed,0.15,9.60916068756161
development,2,fixed,0.25,5.30617869912137
development,2,fixed,0.35,4.89951075247671
development,2,fixed,0.45,2.2317107998245
development,2,fixed,0.55,12.4867947028796
development,2,fixed,0.65,11.6445163526159
development,2,fixed,0.75,5.92323973365758
development,2,fixed,0.85,5.28308153759368
development,2,fixed,0.95,6.9081485811807
development,2,fixed,1.05,8.59871268714862
development,2,fixed,1.15,6.63379144629124
development,2,fixed,1.25,3.6933172972063
development,2,fixed,1.35,-1.61193352818368
development,2,fixed,1.45,-6.10740478724833
development,2,fixed,1.55,-17.2792080242737
development,2,fixed,1.65,-28.1809361390699
development,2,fixed,1.75,-82.1301125485813
development,2,fixed,1.85,-43.8250954067619
development,2,fixed,1.95,-23.6201865829283
development,2,fixed,2.05,-19.9185242253008
development,2,fixed,2.15,-11.0339025741293
development,2,fixed,2.25,-16.111943676454
development,2,fixed,2.35,-3.58065687598927
development,2,fixed,2.45,0.505781735003207
development,2,snr,-0.45,0.28141774201882
development,2,snr,-0.35,-3.92004314214544
development,2,snr,-0.25,2.53884824152775
development,2,snr,-0.15,0.512633598734087
development,2,snr,-0.05,14.3959795327661
development,2,snr,0.05,14.4856324925866
development,2,snr,0.15,9.29992208786514
development,2,snr,0.25,5.3472804313199
development,2,snr,0.35,4.84654632478416
development,2,snr,0.45,1.97392792975084
development,2,snr,0.55,12.9466566405959
development,2,snr,0.65,11.6095766956663
development,2,snr,0.75,5.74131293329577
development,2,snr,0.85,5.01197894570401
development,2,snr,0.95,6.63512830711238
development,2,snr,1.05,8.46063348902096
development,2,snr,1.15,6.45052359274992
development,2,snr,1.25,3.59165727206592
development,2,snr,1.35,-1.72854358866249
development,2,snr,1.45,-6.17125641206603
development,2,snr,1.55,-16.587909133194
development,2,snr,1.65,-27.5414845107552
development,2,snr,1.75,-53.9985283170081
development,2,snr,1.85,-41.5800815222678
development,2,snr,1.95,-22.7002003994681
development,2,snr,2.05,-19.6412918439681
development,2,snr,2.15,-10.9344819451756
development,2,snr,2.25,-15.688913704119
development,2,snr,2.35,-3.75470256810867
development,2,snr,2.45,0.265278873340556
development,2,change,-0.45,-3.16754496018399
development,2,change,-0.35,-3.32202793369553
development,2,change,-0.25,-2.43269038645228
development,2,change,-0.15,-3.39921547416231
development,2,change,-0.05,10.9708759151772
development,2,change,0.05,14.041181409455
development,2,change,0.15,9.38520608905692
development,2,change,0.25,5.41336355157634
development,2,change,0.35,4.79509612148336
development,2,change,0.45,2.71155218228194
development,2,change,0.55,14.5851911472947
development,2,change,0.65,11.7338732508206
development,2,change,0.75,6.27405145288918
development,2,change,0.85,5.32600756147714
development,2,change,0.95,7.03027152340945
development,2,change,1.05,8.44637494966474
development,2,change,1.15,6.88879104446439
development,2,change,1.25,3.22134851463528
development,2,change,1.35,-2.64297290032127
development,2,change,1.45,-5.69292236581741
development,2,change,1.55,-7.79257394942374
development,2,change,1.65,-28.4465369201618
development,2,change,1.75,-37.5539095956752
development,2,change,1.85,-29.9428245820971
development,2,change,1.95,-16.8642318683664
development,2,change,2.05,-16.9454905698663
development,2,change,2.15,-8.69986485513769
development,2,change,2.25,-12.6326000886218
development,2,change,2.35,-4.50475851492641
development,2,change,2.45,-1.22370472138347
development,2,oracle,-0.45,5.52785640649443
development,2,oracle,-0.35,-4.63552159254674
development,2,oracle,-0.25,5.0422788515735
development,2,oracle,-0.15,2.76712384682736
development,2,oracle,-0.05,15.1201300587192
development,2,oracle,0.05,13.5929036547285
development,2,oracle,0.15,9.53090985078948
development,2,oracle,0.25,6.1576807381465
development,2,oracle,0.35,5.08725460810672
development,2,oracle,0.45,1.35476938672703
development,2,oracle,0.55,13.2040999660013
development,2,oracle,0.65,11.7587056703847
development,2,oracle,0.75,5.87584495005783
development,2,oracle,0.85,5.43634790127182
development,2,oracle,0.95,6.91703656958369
development,2,oracle,1.05,8.4750402949354
development,2,oracle,1.15,6.81396133804708
development,2,oracle,1.25,3.20964951787418
development,2,oracle,1.35,-2.82167324485963
development,2,oracle,1.45,-5.85108992581753
development,2,oracle,1.55,-8.95488487715944
development,2,oracle,1.65,-29.7149336893831
development,2,oracle,1.75,-32.0544038162095
development,2,oracle,1.85,-32.3385388776667
development,2,oracle,1.95,-17.7402214928497
development,2,oracle,2.05,-17.1995391289314
development,2,oracle,2.15,-8.62961081495388
development,2,oracle,2.25,-12.7580309685988
development,2,oracle,2.35,-4.22593323248598
development,2,oracle,2.45,-1.00930722675623
development,3,noisy,-0.45,-1.69453013394259
development,3,noisy,-0.35,-24.9192241464438
development,3,noisy,-0.25,-16.4976809418593
development,3,noisy,-0.15,-6.27437467664141
development,3,noisy,-0.05,10.9773978827417
development,3,noisy,0.05,4.62460666050212
development,3,noisy,0.15,3.89783397191728
development,3,noisy,0.25,3.26088236065175
development,3,noisy,0.35,-7.74285603718572
development,3,noisy,0.45,4.31950593062218
development,3,noisy,0.55,1.07881426492482
development,3,noisy,0.65,-4.69620785118624
development,3,noisy,0.75,-1.20220547415697
development,3,noisy,0.85,-6.56339532199969
development,3,noisy,0.95,-25.9871529948932
development,3,noisy,1.05,-4.33375395385746
development,3,noisy,1.15,-3.84384447890045
development,3,noisy,1.25,-1.37533372420565
development,3,noisy,1.35,3.49731290767704
development,3,noisy,1.45,-3.96990050338577
development,3,noisy,1.55,1.4639554005008
development,3,noisy,1.65,-1.68168626480936
development,3,noisy,1.75,4.77231728965959
development,3,noisy,1.85,-0.0824421361632936
development,3,noisy,1.95,-7.36569228036305
development,3,noisy,2.05,-2.87195994535598
development,3,noisy,2.15,-2.9336215518918
development,3,noisy,2.25,2.3659955900996
development,3,noisy,2.35,0.723510054621152
development,3,noisy,2.45,-10.4495947995827
development,3,fixed,-0.45,-1.00433019746625
development,3,fixed,-0.35,-20.5729796170873
development,3,fixed,-0.25,-17.2105634461495
development,3,fixed,-0.15,-7.56168440394659
development,3,fixed,-0.05,12.0304691254117
development,3,fixed,0.05,7.75627087060711
development,3,fixed,0.15,6.61586247032432
development,3,fixed,0.25,5.53555031501261
development,3,fixed,0.35,-5.18891966132635
development,3,fixed,0.45,5.65172630028557
development,3,fixed,0.55,2.41302259634954
development,3,fixed,0.65,-3.41004275807224
development,3,fixed,0.75,-0.343734166938589
development,3,fixed,0.85,-5.82910069762364
development,3,fixed,0.95,-24.9220288319757
development,3,fixed,1.05,-3.08084382295783
development,3,fixed,1.15,-2.84122949407372
development,3,fixed,1.25,-0.235737368769632
development,3,fixed,1.35,5.24057693023486
development,3,fixed,1.45,-1.65702606512608
development,3,fixed,1.55,3.26769723409927
development,3,fixed,1.65,0.921455986812104
development,3,fixed,1.75,6.64793968685226
development,3,fixed,1.85,3.08926856637353
development,3,fixed,1.95,-5.05250261500899
development,3,fixed,2.05,-1.35256569407885
development,3,fixed,2.15,-0.875865049679366
development,3,fixed,2.25,4.63209246595401
development,3,fixed,2.35,3.13113082920023
development,3,fixed,2.45,-9.46067905059987
development,3,snr,-0.45,-0.945762050626616
development,3,snr,-0.35,-21.3473428425748
development,3,snr,-0.25,-16.7714301616481
development,3,snr,-0.15,-6.41993355975182
development,3,snr,-0.05,12.7742237148796
development,3,snr,0.05,7.60723536906248
development,3,snr,0.15,6.41222501086466
development,3,snr,0.25,5.45877762995733
development,3,snr,0.35,-5.21751683354488
development,3,snr,0.45,5.60064893486511
development,3,snr,0.55,2.28946387729786
development,3,snr,0.65,-3.23188170101488
development,3,snr,0.75,-0.329956212284991
development,3,snr,0.85,-5.84999049651306
development,3,snr,0.95,-24.8229721637865
development,3,snr,1.05,-3.05633690359047
development,3,snr,1.15,-2.76972584264426
development,3,snr,1.25,-0.141974112665216
development,3,snr,1.35,5.25919676351367
development,3,snr,1.45,-1.69848399858759
development,3,snr,1.55,3.38351589211889
development,3,snr,1.65,0.970779132602599
development,3,snr,1.75,6.67100774301425
development,3,snr,1.85,3.03036963650376
development,3,snr,1.95,-4.96876822241604
development,3,snr,2.05,-1.11799365388028
development,3,snr,2.15,-0.688045088431514
development,3,snr,2.25,4.67288878816685
development,3,snr,2.35,2.9709283371369
development,3,snr,2.45,-9.05513686544789
development,3,change,-0.45,-1.14943306358465
development,3,change,-0.35,-22.2029919914651
development,3,change,-0.25,-17.0314573748329
development,3,change,-0.15,-3.69649644196409
development,3,change,-0.05,17.616927129864
development,3,change,0.05,7.12381109015086
development,3,change,0.15,5.82227149925615
development,3,change,0.25,5.47440850884687
development,3,change,0.35,-5.17285593804098
development,3,change,0.45,5.72076035207461
development,3,change,0.55,2.40644193709697
development,3,change,0.65,-3.03066177171426
development,3,change,0.75,-0.161344222944049
development,3,change,0.85,-5.72834605828818
development,3,change,0.95,-24.7380594294535
development,3,change,1.05,-2.86824982322378
development,3,change,1.15,-2.60778525028708
development,3,change,1.25,0.0271369042419492
development,3,change,1.35,5.46792517535246
development,3,change,1.45,-1.52674739298915
development,3,change,1.55,3.59358303502263
development,3,change,1.65,1.25398278107622
development,3,change,1.75,6.84766994091485
development,3,change,1.85,2.67105402357028
development,3,change,1.95,-4.67029222175587
development,3,change,2.05,-0.272331180235936
development,3,change,2.15,0.728523697601251
development,3,change,2.25,5.94887477921767
development,3,change,2.35,3.77015176718333
development,3,change,2.45,-7.90171497245377
development,3,oracle,-0.45,-1.00433019746625
development,3,oracle,-0.35,-20.5729796170873
development,3,oracle,-0.25,-17.2105634461495
development,3,oracle,-0.15,-7.56168440394659
development,3,oracle,-0.05,11.8115989708099
development,3,oracle,0.05,7.01730487138331
development,3,oracle,0.15,6.08319983862953
development,3,oracle,0.25,5.32328714041585
development,3,oracle,0.35,-5.03797325161183
development,3,oracle,0.45,6.29939196627213
development,3,oracle,0.55,3.24373681438788
development,3,oracle,0.65,-3.11962982167393
development,3,oracle,0.75,0.273242065093822
development,3,oracle,0.85,-5.24112349478067
development,3,oracle,0.95,-24.7342012050573
development,3,oracle,1.05,-2.41031589816525
development,3,oracle,1.15,-2.46401729805633
development,3,oracle,1.25,0.123366269723936
development,3,oracle,1.35,5.79075725360296
development,3,oracle,1.45,-1.26008798795818
development,3,oracle,1.55,3.40872665230746
development,3,oracle,1.65,1.67586596931013
development,3,oracle,1.75,7.27170541430375
development,3,oracle,1.85,4.52031776733958
development,3,oracle,1.95,-3.9947564807187
development,3,oracle,2.05,-0.570138998408566
development,3,oracle,2.15,0.0460240923711218
development,3,oracle,2.25,5.54765100597729
development,3,oracle,2.35,4.14230094745442
development,3,oracle,2.45,-8.93354332944167
held_out,1,noisy,-0.45,-9.79100155848233
held_out,1,noisy,-0.35,-22.6813181765964
held_out,1,noisy,-0.25,-11.7624573207808
held_out,1,noisy,-0.15,-6.41605845588137
held_out,1,noisy,-0.05,5.70358240337963
held_out,1,noisy,0.05,9.11316609452585
held_out,1,noisy,0.15,-1.82538462638156
held_out,1,noisy,0.25,-1.40388413990468
held_out,1,noisy,0.35,-2.74540731499606
held_out,1,noisy,0.45,-7.1885029250562
held_out,1,noisy,0.55,-3.6000875273252
held_out,1,noisy,0.65,1.24762269687661
held_out,1,noisy,0.75,-4.65392549658741
held_out,1,noisy,0.85,-3.87370976113282
held_out,1,noisy,0.95,-8.3777299990506
held_out,1,noisy,1.05,-15.0792314006384
held_out,1,noisy,1.15,3.07265768648686
held_out,1,noisy,1.25,2.34183067328923
held_out,1,noisy,1.35,-1.36064686046038
held_out,1,noisy,1.45,-6.1289909399895
held_out,1,noisy,1.55,-0.203747944622801
held_out,1,noisy,1.65,-7.29841387472186
held_out,1,noisy,1.75,0.165128112713015
held_out,1,noisy,1.85,-0.912103093867865
held_out,1,noisy,1.95,-1.87402625276931
held_out,1,noisy,2.05,1.40753417034425
held_out,1,noisy,2.15,-22.2278526314426
held_out,1,noisy,2.25,-1.13169760723447
held_out,1,noisy,2.35,-7.73023700130459
held_out,1,noisy,2.45,0.181381957250532
held_out,1,fixed,-0.45,-5.93682755901479
held_out,1,fixed,-0.35,-6.85597662398812
held_out,1,fixed,-0.25,-3.5484766322088
held_out,1,fixed,-0.15,-8.1840281829847
held_out,1,fixed,-0.05,8.87834872124123
held_out,1,fixed,0.05,12.833507009647
held_out,1,fixed,0.15,-0.525210284685889
held_out,1,fixed,0.25,-1.648009080713
held_out,1,fixed,0.35,-4.54803846446246
held_out,1,fixed,0.45,-7.50178686025967
held_out,1,fixed,0.55,-5.91764299168408
held_out,1,fixed,0.65,2.17856968954866
held_out,1,fixed,0.75,-3.98249219483059
held_out,1,fixed,0.85,-2.75535245041417
held_out,1,fixed,0.95,-8.57744744658892
held_out,1,fixed,1.05,-20.8306979420018
held_out,1,fixed,1.15,4.14134116534276
held_out,1,fixed,1.25,3.83366332349916
held_out,1,fixed,1.35,1.00259311723227
held_out,1,fixed,1.45,-2.65272150091758
held_out,1,fixed,1.55,1.73037323833301
held_out,1,fixed,1.65,-6.51144329351354
held_out,1,fixed,1.75,3.00761705949447
held_out,1,fixed,1.85,4.48432066955115
held_out,1,fixed,1.95,3.08834763385833
held_out,1,fixed,2.05,6.53197329701301
held_out,1,fixed,2.15,-16.1404230562072
held_out,1,fixed,2.25,1.02518872980447
held_out,1,fixed,2.35,-5.55755343621997
held_out,1,fixed,2.45,2.29549126714882
held_out,1,snr,-0.45,-3.13086633314375
held_out,1,snr,-0.35,-4.44574038864592
held_out,1,snr,-0.25,-4.32551553295484
held_out,1,snr,-0.15,-7.91829827746481
held_out,1,snr,-0.05,8.78206590915811
held_out,1,snr,0.05,12.6932476661183
held_out,1,snr,0.15,0.603115469431412
held_out,1,snr,0.25,0.370889334216774
held_out,1,snr,0.35,-1.78559989506625
held_out,1,snr,0.45,-4.69219263255671
held_out,1,snr,0.55,-3.06759726021432
held_out,1,snr,0.65,3.11150227206572
held_out,1,snr,0.75,-2.96550923867206
held_out,1,snr,0.85,-1.37061435905779
held_out,1,snr,0.95,-6.36974977899218
held_out,1,snr,1.05,-18.9784185777857
held_out,1,snr,1.15,6.36066598534918
held_out,1,snr,1.25,7.70683654300078
held_out,1,snr,1.35,4.43818995277951
held_out,1,snr,1.45,-1.07076837785282
held_out,1,snr,1.55,3.97268301756068
held_out,1,snr,1.65,-5.66373141012272
held_out,1,snr,1.75,5.26442341218144
held_out,1,snr,1.85,6.27247679877485
held_out,1,snr,1.95,4.74206696922566
held_out,1,snr,2.05,9.20135073864806
held_out,1,snr,2.15,-13.1753663364048
held_out,1,snr,2.25,4.84606500599893
held_out,1,snr,2.35,-2.26105573721167
held_out,1,snr,2.45,5.669988016502
held_out,1,change,-0.45,-0.79567884655247
held_out,1,change,-0.35,-12.7978853718373
held_out,1,change,-0.25,-9.32236301162683
held_out,1,change,-0.15,-7.35567116184065
held_out,1,change,-0.05,8.10192755958161
held_out,1,change,0.05,11.1856871608487
held_out,1,change,0.15,0.765747375735498
held_out,1,change,0.25,0.928642657973488
held_out,1,change,0.35,-0.704586896802025
held_out,1,change,0.45,-2.96708915654846
held_out,1,change,0.55,-2.13147851773697
held_out,1,change,0.65,3.98671717770418
held_out,1,change,0.75,-2.55390320125765
held_out,1,change,0.85,0.104146613766573
held_out,1,change,0.95,-5.11300502531847
held_out,1,change,1.05,-18.7964206866529
held_out,1,change,1.15,6.38188114242997
held_out,1,change,1.25,8.43803897184165
held_out,1,change,1.35,4.72150368886144
held_out,1,change,1.45,0.123862329730915
held_out,1,change,1.55,5.10672072925254
held_out,1,change,1.65,-6.04208636099889
held_out,1,change,1.75,7.66770563941568
held_out,1,change,1.85,7.63594550501804
held_out,1,change,1.95,2.68874563064227
held_out,1,change,2.05,8.91803805710264
held_out,1,change,2.15,-16.3724297675461
held_out,1,change,2.25,6.1271262595919
held_out,1,change,2.35,-0.755966093500929
held_out,1,change,2.45,9.39681331242385
held_out,1,oracle,-0.45,-5.93682755901479
held_out,1,oracle,-0.35,-6.85597662398812
held_out,1,oracle,-0.25,-3.5484766322088
held_out,1,oracle,-0.15,-8.1840281829847
held_out,1,oracle,-0.05,8.78079474887277
held_out,1,oracle,0.05,11.2001063699757
held_out,1,oracle,0.15,0.761410461202165
held_out,1,oracle,0.25,0.966680533741654
held_out,1,oracle,0.35,0.963878497224171
held_out,1,oracle,0.45,-1.53829744187354
held_out,1,oracle,0.55,-3.86530333160128
held_out,1,oracle,0.65,4.15745511791811
held_out,1,oracle,0.75,-2.2294498680328
held_out,1,oracle,0.85,0.709576555114205
held_out,1,oracle,0.95,-5.75103285842709
held_out,1,oracle,1.05,-18.4566253599204
held_out,1,oracle,1.15,6.10869316298394
held_out,1,oracle,1.25,7.74454922937339
held_out,1,oracle,1.35,3.2495780357922
held_out,1,oracle,1.45,0.860940590419478
held_out,1,oracle,1.55,5.40684437861203
held_out,1,oracle,1.65,-7.86642776618677
held_out,1,oracle,1.75,5.13989560149231
held_out,1,oracle,1.85,8.48186326831035
held_out,1,oracle,1.95,4.52296657425529
held_out,1,oracle,2.05,10.4542523419462
held_out,1,oracle,2.15,-14.5075187760892
held_out,1,oracle,2.25,6.03812560961106
held_out,1,oracle,2.35,0.185453465437803
held_out,1,oracle,2.45,7.41311677535327
held_out,2,noisy,-0.45,-15.2249861463718
held_out,2,noisy,-0.35,-10.7533407268957
held_out,2,noisy,-0.25,-16.4689060335096
held_out,2,noisy,-0.15,-4.24564386353041
held_out,2,noisy,-0.05,9.32177641989288
held_out,2,noisy,0.05,12.0529894365676
held_out,2,noisy,0.15,0.922069258896446
held_out,2,noisy,0.25,-2.66408694934951
held_out,2,noisy,0.35,-8.72839055607716
held_out,2,noisy,0.45,8.25544435539344
held_out,2,noisy,0.55,-0.332452035725989
held_out,2,noisy,0.65,-0.551280718886835
held_out,2,noisy,0.75,4.91094584798174
held_out,2,noisy,0.85,-6.7174481781921
held_out,2,noisy,0.95,-1.83455150430609
held_out,2,noisy,1.05,-8.21131045945346
held_out,2,noisy,1.15,-6.98848871995628
held_out,2,noisy,1.25,1.49828670316699
held_out,2,noisy,1.35,4.21246424101952
held_out,2,noisy,1.45,0.541753334622854
held_out,2,noisy,1.55,-5.59487098756606
held_out,2,noisy,1.65,-11.0873222655341
held_out,2,noisy,1.75,-3.67311610457597
held_out,2,noisy,1.85,-1.31116128301103
held_out,2,noisy,1.95,0.778685820182299
held_out,2,noisy,2.05,-5.87708396423712
held_out,2,noisy,2.15,-4.01048543008344
held_out,2,noisy,2.25,-1.43676059676805
held_out,2,noisy,2.35,-2.76046890709182
held_out,2,noisy,2.45,-4.80615975129055
held_out,2,fixed,-0.45,-15.1303760865867
held_out,2,fixed,-0.35,-9.32623357592705
held_out,2,fixed,-0.25,-13.580418862209
held_out,2,fixed,-0.15,-5.60892510340016
held_out,2,fixed,-0.05,11.5388531040658
held_out,2,fixed,0.05,16.8247130928141
held_out,2,fixed,0.15,5.69391201137474
held_out,2,fixed,0.25,-0.0761679556034025
held_out,2,fixed,0.35,-4.71384957099889
held_out,2,fixed,0.45,12.1900777859432
held_out,2,fixed,0.55,3.83838674440071
held_out,2,fixed,0.65,1.52167427495982
held_out,2,fixed,0.75,8.65873404419685
held_out,2,fixed,0.85,-3.95767907031464
held_out,2,fixed,0.95,0.459354342277122
held_out,2,fixed,1.05,-5.90808037262741
held_out,2,fixed,1.15,-4.21715354175848
held_out,2,fixed,1.25,5.76865184875505
held_out,2,fixed,1.35,8.65767370566712
held_out,2,fixed,1.45,5.88496290703741
held_out,2,fixed,1.55,-1.99543207869551
held_out,2,fixed,1.65,-7.34080211753309
held_out,2,fixed,1.75,-1.20485441648411
held_out,2,fixed,1.85,1.46975223602363
held_out,2,fixed,1.95,3.01354067320484
held_out,2,fixed,2.05,-2.64346781288907
held_out,2,fixed,2.15,0.445822544504473
held_out,2,fixed,2.25,4.81010513649597
held_out,2,fixed,2.35,1.90596123409902
held_out,2,fixed,2.45,-1.42417734196934
held_out,2,snr,-0.45,-13.7038570675059
held_out,2,snr,-0.35,-8.16155429416012
held_out,2,snr,-0.25,-13.6023277476485
held_out,2,snr,-0.15,-5.96530496493529
held_out,2,snr,-0.05,11.6186329939602
held_out,2,snr,0.05,16.4186828796299
held_out,2,snr,0.15,5.12486316662227
held_out,2,snr,0.25,0.259662620288305
held_out,2,snr,0.35,-4.85657001564633
held_out,2,snr,0.45,12.0475977810884
held_out,2,snr,0.55,3.39872934744254
held_out,2,snr,0.65,1.43159664861416
held_out,2,snr,0.75,9.11074954447338
held_out,2,snr,0.85,-3.5670279596407
held_out,2,snr,0.95,0.369905681668445
held_out,2,snr,1.05,-5.74305421721861
held_out,2,snr,1.15,-4.07898860725058
held_out,2,snr,1.25,5.77123104169634
held_out,2,snr,1.35,8.30012580505454
held_out,2,snr,1.45,5.21451787406352
held_out,2,snr,1.55,-1.9868548365951
held_out,2,snr,1.65,-7.46712730970699
held_out,2,snr,1.75,-1.18344810537776
held_out,2,snr,1.85,1.86469560213589
held_out,2,snr,1.95,2.95931383715534
held_out,2,snr,2.05,-2.9317926641153
held_out,2,snr,2.15,0.106921011552592
held_out,2,snr,2.25,4.39186827912944
held_out,2,snr,2.35,1.38553442193542
held_out,2,snr,2.45,-1.76734156617574
held_out,2,change,-0.45,-12.7744842152152
held_out,2,change,-0.35,-8.78420084672631
held_out,2,change,-0.25,-14.0676087595761
held_out,2,change,-0.15,-2.63739880710189
held_out,2,change,-0.05,13.5824119269831
held_out,2,change,0.05,15.365662708229
held_out,2,change,0.15,5.06340240597878
held_out,2,change,0.25,-0.933974386662684
held_out,2,change,0.35,-4.14377473403218
held_out,2,change,0.45,12.9710919587457
held_out,2,change,0.55,5.01215441093986
held_out,2,change,0.65,2.88040211808683
held_out,2,change,0.75,9.29598787766498
held_out,2,change,0.85,-3.36204141399812
held_out,2,change,0.95,1.38276849790745
held_out,2,change,1.05,-5.1439344149431
held_out,2,change,1.15,-3.67791394625573
held_out,2,change,1.25,5.6365665040195
held_out,2,change,1.35,8.74603719410307
held_out,2,change,1.45,8.00034544207215
held_out,2,change,1.55,-0.990729229310638
held_out,2,change,1.65,-6.96356731905998
held_out,2,change,1.75,0.0199890458709902
held_out,2,change,1.85,2.15095193261645
held_out,2,change,1.95,4.10609804500658
held_out,2,change,2.05,-1.96290366937766
held_out,2,change,2.15,0.599220158611379
held_out,2,change,2.25,5.88890796510316
held_out,2,change,2.35,3.41929510344886
held_out,2,change,2.45,-0.402339161746413
held_out,2,oracle,-0.45,-15.1303760865867
held_out,2,oracle,-0.35,-9.32623357592705
held_out,2,oracle,-0.25,-13.580418862209
held_out,2,oracle,-0.15,-5.60892510340016
held_out,2,oracle,-0.05,11.3580724870822
held_out,2,oracle,0.05,15.8047140718883
held_out,2,oracle,0.15,5.57420035872694
held_out,2,oracle,0.25,1.60304770496306
held_out,2,oracle,0.35,-5.17901554744418
held_out,2,oracle,0.45,11.4763915686234
held_out,2,oracle,0.55,4.84872781674045
held_out,2,oracle,0.65,3.22925212706756
held_out,2,oracle,0.75,8.80716749820572
held_out,2,oracle,0.85,-3.38995998349217
held_out,2,oracle,0.95,1.5131498771683
held_out,2,oracle,1.05,-5.00609733707379
held_out,2,oracle,1.15,-4.18773217542685
held_out,2,oracle,1.25,4.90906692264781
held_out,2,oracle,1.35,8.38077073411402
held_out,2,oracle,1.45,8.45151313937242
held_out,2,oracle,1.55,-1.3474604967432
held_out,2,oracle,1.65,-7.49401369431116
held_out,2,oracle,1.75,-0.315136104997993
held_out,2,oracle,1.85,1.69749211080322
held_out,2,oracle,1.95,4.34391650314994
held_out,2,oracle,2.05,-2.07402555749513
held_out,2,oracle,2.15,0.266753602819683
held_out,2,oracle,2.25,6.01016779602384
held_out,2,oracle,2.35,3.70738811794069
held_out,2,oracle,2.45,-0.161071990166333
held_out,3,noisy,-0.45,-37.5479309400595
held_out,3,noisy,-0.35,-15.8116967476392
held_out,3,noisy,-0.25,-9.92207841605975
held_out,3,noisy,-0.15,-5.4443677804812
held_out,3,noisy,-0.05,3.51200919981073
held_out,3,noisy,0.05,15.5005432587583
held_out,3,noisy,0.15,2.01484435873895
held_out,3,noisy,0.25,6.23553892749549
held_out,3,noisy,0.35,1.51476568994839
held_out,3,noisy,0.45,-0.0213378534747044
held_out,3,noisy,0.55,-0.897779570414579
held_out,3,noisy,0.65,-6.05042263001101
held_out,3,noisy,0.75,4.8961774765816
held_out,3,noisy,0.85,1.42859768788995
held_out,3,noisy,0.95,2.08928124760695
held_out,3,noisy,1.05,-2.17094649031118
held_out,3,noisy,1.15,0.536067222300017
held_out,3,noisy,1.25,0.320888082521664
held_out,3,noisy,1.35,1.62332434363713
held_out,3,noisy,1.45,5.61201155087309
held_out,3,noisy,1.55,7.48107995505529
held_out,3,noisy,1.65,2.09604983533415
held_out,3,noisy,1.75,1.79957139474341
held_out,3,noisy,1.85,3.26260366690378
held_out,3,noisy,1.95,-1.89519426248181
held_out,3,noisy,2.05,-4.81800675196876
held_out,3,noisy,2.15,-6.22743739428885
held_out,3,noisy,2.25,-13.6739964463035
held_out,3,noisy,2.35,-4.82972241961998
held_out,3,noisy,2.45,-6.25737274519468
held_out,3,fixed,-0.45,-26.665462803014
held_out,3,fixed,-0.35,-16.759992305013
held_out,3,fixed,-0.25,-14.1819003249987
held_out,3,fixed,-0.15,-10.3086545304884
held_out,3,fixed,-0.05,2.71455549233105
held_out,3,fixed,0.05,16.1289221324923
held_out,3,fixed,0.15,2.77282012175349
held_out,3,fixed,0.25,7.41057237754423
held_out,3,fixed,0.35,4.68829521967207
held_out,3,fixed,0.45,-0.627829298510481
held_out,3,fixed,0.55,-0.171422379192525
held_out,3,fixed,0.65,-4.55587499600932
held_out,3,fixed,0.75,6.1219959449547
held_out,3,fixed,0.85,2.67984880662426
held_out,3,fixed,0.95,1.14787284108299
held_out,3,fixed,1.05,0.169833896861259
held_out,3,fixed,1.15,0.867688813841561
held_out,3,fixed,1.25,1.56929144006702
held_out,3,fixed,1.35,4.44015794153108
held_out,3,fixed,1.45,9.72052361067496
held_out,3,fixed,1.55,11.0465899247685
held_out,3,fixed,1.65,6.38835824159309
held_out,3,fixed,1.75,5.01707108006986
held_out,3,fixed,1.85,8.49297615218343
held_out,3,fixed,1.95,2.8029736200625
held_out,3,fixed,2.05,-2.34601158580029
held_out,3,fixed,2.15,-7.31116080634167
held_out,3,fixed,2.25,-14.5579009928219
held_out,3,fixed,2.35,-6.393828351551
held_out,3,fixed,2.45,-6.34034878371207
held_out,3,snr,-0.45,-31.0920602092275
held_out,3,snr,-0.35,-16.3014587545831
held_out,3,snr,-0.25,-11.8803620233559
held_out,3,snr,-0.15,-7.22549809870712
held_out,3,snr,-0.05,4.72237854114656
held_out,3,snr,0.05,18.3929478699068
held_out,3,snr,0.15,5.58056845398396
held_out,3,snr,0.25,9.5779150291414
held_out,3,snr,0.35,6.00283449159049
held_out,3,snr,0.45,1.93118477390515
held_out,3,snr,0.55,1.79125928870979
held_out,3,snr,0.65,-2.27062832042432
held_out,3,snr,0.75,8.43578166674249
held_out,3,snr,0.85,3.77050697794028
held_out,3,snr,0.95,4.35086006627896
held_out,3,snr,1.05,1.71565833522208
held_out,3,snr,1.15,2.84855676163618
held_out,3,snr,1.25,4.45701541705627
held_out,3,snr,1.35,5.75732012872655
held_out,3,snr,1.45,10.5045861533084
held_out,3,snr,1.55,11.5282240855251
held_out,3,snr,1.65,7.26682086774124
held_out,3,snr,1.75,5.80376355254751
held_out,3,snr,1.85,8.75537623760751
held_out,3,snr,1.95,4.045361737261
held_out,3,snr,2.05,-1.49070434857337
held_out,3,snr,2.15,-4.03766699090634
held_out,3,snr,2.25,-11.9352063678734
held_out,3,snr,2.35,-3.50024923775439
held_out,3,snr,2.45,-4.76164414723525
held_out,3,change,-0.45,-26.665462803014
held_out,3,change,-0.35,-16.759992305013
held_out,3,change,-0.25,-10.8443337445182
held_out,3,change,-0.15,-6.06815958320872
held_out,3,change,-0.05,5.25865653535356
held_out,3,change,0.05,19.7753293664267
held_out,3,change,0.15,3.0029546241971
held_out,3,change,0.25,8.28737515113765
held_out,3,change,0.35,5.61099021742957
held_out,3,change,0.45,-0.346937850715516
held_out,3,change,0.55,0.52253914267951
held_out,3,change,0.65,-3.60955707630333
held_out,3,change,0.75,8.12162099663589
held_out,3,change,0.85,4.66547002150048
held_out,3,change,0.95,5.06697246053167
held_out,3,change,1.05,3.01035795790509
held_out,3,change,1.15,2.32575155087847
held_out,3,change,1.25,4.44062091323743
held_out,3,change,1.35,8.49251473406524
held_out,3,change,1.45,10.8148580420736
held_out,3,change,1.55,13.7794184706765
held_out,3,change,1.65,9.82440337271478
held_out,3,change,1.75,8.26997429392624
held_out,3,change,1.85,9.85347342880541
held_out,3,change,1.95,4.59896572337534
held_out,3,change,2.05,0.988506215030997
held_out,3,change,2.15,-2.31093497292128
held_out,3,change,2.25,-11.9285940459685
held_out,3,change,2.35,-0.784532843115108
held_out,3,change,2.45,-2.67910990172777
held_out,3,oracle,-0.45,-26.665462803014
held_out,3,oracle,-0.35,-16.759992305013
held_out,3,oracle,-0.25,-14.1819003249987
held_out,3,oracle,-0.15,-10.3086545304884
held_out,3,oracle,-0.05,2.67384364272001
held_out,3,oracle,0.05,18.1917038969238
held_out,3,oracle,0.15,4.5286308553976
held_out,3,oracle,0.25,9.61952747771605
held_out,3,oracle,0.35,5.1495836136052
held_out,3,oracle,0.45,0.348074929457736
held_out,3,oracle,0.55,1.56134505771978
held_out,3,oracle,0.65,-2.5097369380226
held_out,3,oracle,0.75,8.39757830431609
held_out,3,oracle,0.85,5.18520506248545
held_out,3,oracle,0.95,3.44461129549656
held_out,3,oracle,1.05,1.97601269858814
held_out,3,oracle,1.15,2.30263970507292
held_out,3,oracle,1.25,3.97983444527981
held_out,3,oracle,1.35,7.38791252646164
held_out,3,oracle,1.45,11.3021103385763
held_out,3,oracle,1.55,13.1287673144885
held_out,3,oracle,1.65,9.09077673572897
held_out,3,oracle,1.75,7.31532147540985
held_out,3,oracle,1.85,10.0032020267353
held_out,3,oracle,1.95,5.11496456746042
held_out,3,oracle,2.05,0.0823839345754394
held_out,3,oracle,2.15,-5.670914177355
held_out,3,oracle,2.25,-12.1636434902732
held_out,3,oracle,2.35,-5.04767837899489
held_out,3,oracle,2.45,-5.24724311677884
